Titolo;URL album;URL pubblico;Data da;Data a;Collabora attivo;Modificato;Stato
Arredi per Mezzocorona;https://photos.google.com/share/AF1QipPM-iDYhO6D4C3JsCTGLWTIS0phTgXijA8KYnr5ncMOczd1o6KimHpdQs---gpsDQ;;;;NO;NO;Condiviso - Collabora disattivato
Giappone '26 - 04 - Kotohira, Zensuji, Marugame;https://photos.google.com/share/AF1QipNG0Hog8sUjkiBGgccjGtdTdfYSVr1psLRDHvnzFA3o69n4DgqaNdibQ2-2i0q-Ug?key=dTN3LXdFVTJnV3JQYTFYWVZmdHFqSDY4UkZjZFBR;https://photos.app.goo.gl/RzXi7Eju4kPxCJUR6;;;NO;NO;Condiviso - Collabora disattivato
Lampadario Shoji 2026;https://photos.google.com/share/AF1QipPwWfVTmm7xycK0Ghaju8MmU4t2-3YzCrL3NKZXe_TZdj9HVQpOxLump-u3pdKCTA?key=T0JEZmN5WERMVll1M25wXzN5RExyMjhVMjVIOFFn;https://photos.app.goo.gl/SySV82e6k76xf77Z8;06/10/2023;27/11/2023;NO;NO;Condiviso - Collabora disattivato
Spagna 2026 (eclissi);https://photos.google.com/share/AF1QipMZkGwh9vxRLYuQa_PKXWmS-4pu29A95JT5qF_6ShuT4oXYztzaAivqg3EPsiby5w?key=SURaUHFEUUlidlh4OGVZWl80czE3YWZUMEZLRC1B;https://photos.app.goo.gl/MGh17UZghZryzdCG9;;;NO;NO;Condiviso - Collabora disattivato
Giappone 2011 - Kanazawa;https://photos.google.com/share/AF1QipMrHdjy7E2vv2PPqg8EC4RDsb9P3VTVQJe-Uh6DkqSoB7aWCSQ4_XBTL8hDbL6BbA?key=WXR2ZEVFVEt5MzU5SUU2dzdySERST0dEVzdpMEx3;https://photos.app.goo.gl/qgnG6Kvsphi7paiE9;20/05/2011;20/05/2011;;NO;Errore - switch Collabora non trovato
Umidità;https://photos.google.com/album/AF1QipOAg18cOaHfLtoEb62liHX9cBb8O95PFzPxrFwd;;;;;NO;Non condiviso
Foto casa in disordine;https://photos.google.com/share/AF1QipNWN_2h35c19KRkJHzHIiD5Jwid-SMTTKfLeM_ebXZ_buo67eD8cBDKJ64mnSNhRw?key=eUxiUlhLT0lUVUszb2NGMThaaWpPTmhOU0djODNR;https://photos.app.goo.gl/sdT1CTRvnutdm4gb9;;;NO;NO;Condiviso - Collabora disattivato
Giappone '26 - 18 - Osaka (Tempozan, Dotonbori);https://photos.google.com/share/AF1QipNNUqccsLgzCzzGBX6jgwTXwIr_T2S3c6GN5TLvA1-YLJptEIAQaU3eaUtHTZQqog?key=Wk1acGhxU1lramJINGJYQzQwQzllMHdHRjJhRS1R;https://photos.app.goo.gl/SqvxhQ7kkrsFwxeWA;;;NO;NO;Condiviso - Collabora disattivato
Giappone '26 - 17 - Kyoto (Saihōji Kokedera, Kegonji Suzumushidera , Gion, Ninenzaka), Osaka notturna;https://photos.google.com/share/AF1QipNWDR6vXFQ-TbdkALmeKPd3FuWryFEWsGofcKyew9GmgGiheElP3X3mrieDG4-I1Q?key=NktzYWU0dy1wLVJWVTl6a2s4LUptMXI2RDdqd213;https://photos.app.goo.gl/p6GGX8GEgJjstRrd6;;;NO;NO;Condiviso - Collabora disattivato
Giappone '26 - 16 - Osaka (Santuario di Sumiyoshi, e mercati vari);https://photos.google.com/share/AF1QipNjkOj-dgBe0n0bpHFYt1-ZHyJzVJZkJLRehjvuTslohO0T_KD8tqhbe_bNAQqFQA?key=alFuNEdqMWJ1OENVd2J1Y2RKY3B2ZDB1aHJUU0dn;https://photos.app.goo.gl/zGvJzAQ1684UMToV7;;;NO;NO;Condiviso - Collabora disattivato
Giappone '26 - 15 - Iwakuni (Kintaikyo Bridge e Castello), Hiroshima (Giardino Shukkei-en);https://photos.google.com/share/AF1QipPatCYdT405NvwJvg0kWw9U-7l6voh0AuJXa5o_S-QUwpAZ2zB4O24e20XGDlCBbw?key=Q1BHbnNOcngxdEFMSjhWUTkwYTctWEV6MGx3M3BR;https://photos.app.goo.gl/9aFXVdwwz1sKgCwP6;;;NO;NO;Condiviso - Collabora disattivato
Giappone '26 - 14 - Kitakyushu (Castello e giardino);https://photos.google.com/share/AF1QipPDvw-6bd8QxzOvqY03N9S8d1IqTZCAc6MH2sHx2cmYafJZNLBPmZVdt2YrEps5kw?key=VWZFTW50LU1zbldENnFfWUgxZDB4V2FTY0lYWnB3;https://photos.app.goo.gl/DUQrETvpxv6T6U4W6;;;NO;NO;Condiviso - Collabora disattivato
Giappone '26 - 13 - Kumamoto (Traditional Crafts Center, Giardino Suizenji);https://photos.google.com/share/AF1QipOk1XOGMPkBmPOaUGUNFlYJAvr3cLnq1veeVzMF63n0QrQGHf-FzYPQAO-9TgnkCQ?key=ZmxHNFV0RFNhdnYtQTdEcWJfZHJJWmlyVXJkTjJn;https://photos.app.goo.gl/saUciqxRJUNdgiKKA;;;NO;NO;Condiviso - Collabora disattivato
Giappone '26 - 12 - Verso Kumamoto (Monte Aso) e Kumamoto;https://photos.google.com/share/AF1QipPnvzZvWBIZ73awSZe3xYgrQEF3kOAmCmPCaG2vYUk_oFKmuw1JQJAkNXjL6TgsKw?key=dThZYzEwMVcyUTBNam1JMXowS2Y5VU5rZl84aHpB;https://photos.app.goo.gl/DbgPze4zQQN7otv26;;;NO;NO;Condiviso - Collabora disattivato
Giappone '26 - 11 - Verso Beppu e Beppu;https://photos.google.com/share/AF1QipMby4gu78jbiRdwKUyNc9hREIRSvwUaJ3yJMpcY1a0a6O7zS7czyYAuEGO0sQUi3A?key=aUJCdzVfUzZ2a29JVVJxOHpZMWFtTTU1dGxUbTN3;https://photos.app.goo.gl/YAB1vMFSgy7u764e8;;;NO;NO;Condiviso - Collabora disattivato
Giappone '26 - 10 - Matsuyama (Dogo onsen, Tempio Isaniwa);https://photos.google.com/share/AF1QipNdH_Y0_2-9CkSG6ydSZKM5BMWSdI2F5N8kOcBAByxLDiUdXuiPTtBpNlkwpVF5nQ?key=Y1VDR242Tmp4MGJGN3l0TktGaGVHWWhCX2JLNEtn;https://photos.app.goo.gl/mpFAUeT6VCXqZy1D7;;;NO;NO;Condiviso - Collabora disattivato
Giappone '26 - 09 - Ozu, Uckiko, Dogo Onsen notturna;https://photos.google.com/share/AF1QipONii8U50LLJNnA25oBbfwgD5Ol2Kvk2LD_sOxh4d8zV1Z7PmpdMsA04kyCByaeoQ?key=clNwUFFjMWFVc2FmeGRjUlB2NDNNeHk5YjczcHh3;https://photos.app.goo.gl/bVoQfTYuNH9Vxdu49;;;NO;NO;Condiviso - Collabora disattivato
Giappone '26 - 08 - Matsuyama (Castello, Tempio Ishite, Dogo Onsen);https://photos.google.com/share/AF1QipOSl1dvUjE5oeBvpg_YpHW8Twsmks-sNvvpozNzLBXOVpC5pHzb755Ifv6PoaPhJg?key=alEwOHNBT3p5LUlqakJMdlZwUHZpcGxrVWEyZ29R;https://photos.app.goo.gl/fF3RX1sB3dSDg69q7;;;NO;NO;Condiviso - Collabora disattivato
Giappone '26 - 07 - Uwajima (Giardino Tenshakōen, Warei Shrine);https://photos.google.com/share/AF1QipOuLsD6INHVp6teUZEJJPtRW-4L9wMOhrA2qDKp8MZnCMtPDgybjcM_Q58Tn7M-Wg?key=NDBxTF9IdWhHNTJrblkyT0s5RDJCNmlGbk94NXN3;https://photos.app.goo.gl/6RxTN4MxRqkugx2W8;;;NO;NO;Condiviso - Collabora disattivato
Giappone '26 - 06 - Kochi (Katsurahama Beach, Mount Godaisan);https://photos.google.com/share/AF1QipN0vQwjxX9OxIZfxVkGswzLWuxC70JEIF7IhIE2i_XmMpkpPhwtS6uM6Di3NCa66w?key=bnh2eHRBNmFEbnQ3Q3MwLVBLSUtCam91MlBMNGx3;https://photos.app.goo.gl/CYvfmUTa2EHydiWXA;;;NO;NO;Condiviso - Collabora disattivato
Giappone '26 - 05 - Honjima Island, Marugame (Giardino Nakatsu Banshoen);https://photos.google.com/share/AF1QipP4NczU_QHUi1ZNjpfkm5CDr_CA4fL3hXeNv1mwELPz4TsL35yHrnfM8jgCmJh0iA?key=cTA2LXAtLUcyY1M5aE96c25Ha0NteEpWcDdaLWpB;https://photos.app.goo.gl/oRkDHzS7NGQQLMkU7;;;NO;NO;Condiviso - Collabora disattivato
Giappone '26 - 03 - Naoshima;https://photos.google.com/share/AF1QipMcc7-zPnYhKdpYbjqsh_Y9OTV55M3u5I9-VEHs3KfMEhdaDqSwVFBIgsPVONWyyA?key=Z0JNTEJ1NFNmd19BZXgwZW54RmVrZVhNVkxDOXdn;https://photos.app.goo.gl/eKPWMrBwvqZgGkZk7;;;NO;NO;Condiviso - Collabora disattivato
Giappone '26 - 02 - Omihachiman;https://photos.google.com/share/AF1QipNaKeoObechf4Z5tywLPnmgIt4XlEFpdkd7pgwBVlgJtYmj7OiTcGUov0rbBuD6Dw?key=THM2a2lrWHlQa1M5X1NOQ3U1RWk5U0Z5bHFidjJ3;https://photos.app.goo.gl/ckza6pqXXhKecs3KA;;;NO;NO;Condiviso - Collabora disattivato
Giappone '26 - 01 - Arrivo serale ad Osaka;https://photos.google.com/share/AF1QipP-WRqKPS3PQiEA4rxlHfynhT9MtntCBPlLK22mi7-E-MWvxzryE34ZMNe8FUkVbg?key=YWxrTjJQZTQwclBpT05kSDkwUm9XQVdwZkgxU1J3;https://photos.app.goo.gl/TLhR9pxK8DzK12qV9;;;NO;NO;Condiviso - Collabora disattivato
2026.01.22 - Macchina parcheggiata a vanvera;https://photos.google.com/album/AF1QipP9rndQ_4rurkkGCpb39ephyDVIKcQ1VANB2hik;;;;;NO;Non condiviso
Infiltrazione (5 ottobre 2025);https://photos.google.com/share/AF1QipOMXUCjJyzTxgSlSSHSmE7PX1Rmdis8r0nvcJ3lRpXl_YV1Oj_k_X5UXvJmH7vfzw?key=dWZTVFVvNHpmOEREclRtQm45dlJWOXB4cVlRbC1B;https://photos.app.goo.gl/YzQJSS7G1kaTw3We9;05/10/2025;22/11/2025;NO;NO;Condiviso - Collabora disattivato
Infiltrazione box auto;https://photos.google.com/album/AF1QipMJ239WFX-m9mqzOuBZs1tx6Ra7BervNi2-nzn3;;;;;NO;Non condiviso
South England & Cornwall;https://photos.google.com/share/AF1QipO_6hdRMixU2lcQVNk2fhjP9WtuaK4C6C0pHdPcfnyajWCKFYnnubrGnsgJzZpl_g?key=WW10NzVqZWFZcnNHMEozcWctVHpzYmUwRFNCajN3;https://photos.app.goo.gl/27Ht4RP7J3fdMhVe6;24/07/2025;06/08/2025;NO;NO;Condiviso - Collabora disattivato
Calendario 2026;https://photos.google.com/share/AF1QipN9BuH2f1CgByU0vGOwS6nPH_B-MY5DCNAJ5tDIIr_Iis2wl_LcECbxvsdweOqs0w?key=aEpwN3l6ZDh6RTBCZjA4ZG5hSlZPeW5BTXVTaXZn;https://photos.app.goo.gl/TdsZCUkGp2m7KmFy7;19/01/2025;05/08/2025;NO;NO;Condiviso - Collabora disattivato
Grotte di Labante e Soprasasso;https://photos.google.com/share/AF1QipNF36_douPy7sLvzEMyTUDZWcCABS7pvfBr6BoVHFiVN_eATa_cp3JkxflQex46BA?key=bzZ0dDRUYVYyUGxjN2RxNDB2QU03dzVyUkJ1UGR3;https://photos.app.goo.gl/mPoSNetBTcZnYLqb6;18/05/2025;18/05/2025;NO;NO;Condiviso - Collabora disattivato
Il nostro gatto;https://photos.google.com/album/AF1QipOfzam6GHyKNG47CRzrALQRWsTwaa2Pf7mtwve8;;;;;NO;Non condiviso
Cervia - Via Piave 6;https://photos.google.com/share/AF1QipNDil_5b3xvAroufwfHUGn6jZnIRzrLFIaCX1JZ4Dtsk8yqOFvX1_wNX_z4vaTjpQ?key=S2huUWFsREE2VGVPSTZ0bkRldlNZWkZFQ0EzaEJR;https://photos.app.goo.gl/KwYREiasVn67biTA7;29/03/2025;29/03/2025;NO;NO;Condiviso - Collabora disattivato
Infiltrazioni box auto Bizzini (Via Bellettini 18);https://photos.google.com/share/AF1QipNQTrWGs9X8Z-seJp-8X7Z4IyHFX_InsIE9w6gaGowxex_pslrJjlGGlXlYG7LAJg?key=U2c3ZjFvOW53dW9GMUU3bVZ4ZUNNTzJ6WVhqekdB;https://photos.app.goo.gl/i6qA3MHzarubhdjq5;08/03/2025;08/03/2025;NO;NO;Condiviso - Collabora disattivato
Rovine del teatro romano di Bologna;https://photos.google.com/album/AF1QipN1JXktzkL0DWGe6DdWLtdHLNJtdK2a8ozAaLAv;;;;;NO;Non condiviso
2024 - Pillole Coreane;https://photos.google.com/share/AF1QipM0va5yJdSTfw4NRffPsQ6lJl9BDccLllKCDB6FRcZhtBcy4W3OZnPXgZr578jFww?key=RWRSSTBZT0NNVGlrNDE1ejM0b0g2WndKUGRpbVNR;https://photos.app.goo.gl/HGrjQ4vtZxHJp8Lv8;02/11/2024;19/11/2024;;NO;Errore - switch Collabora non trovato
Corea 2024 - 08 (Seul);https://photos.google.com/share/AF1QipM-_R4jFyxpzcsQizAbFVfihybILr6o-Q3WZo69Ryko6YysARh3MXRmo8A8p0BvAA?key=N09fU1g0QzZqS01LN2VoS0dHdXZ1VWdXZlJ3U3VB;https://photos.app.goo.gl/fae1U4ZJb8ZGPegaA;13/11/2024;13/11/2024;NO;NO;Condiviso - Collabora disattivato
Calendario 2025;https://photos.google.com/share/AF1QipNLjCxGk7oEBQPwIdVeDNRk-W4RP4Oc8HlW9qkLCLYldY5e-CZWqP4AIuwwq8Cg9g?key=U1Zsc2ZTRFU2d2FkamZibnpsNzE4bXhVcVhYZC1R;https://photos.app.goo.gl/TnsYcydNN1Zrmrzy6;25/06/2024;13/11/2024;NO;NO;Condiviso - Collabora disattivato
Corea 2024 - 07 (Geumsansa e Jeonju);https://photos.google.com/share/AF1QipN--ci_pxIlaSCmP3HgdJRRinkHeP8hb_cGC_iYRTbdNUXmOyj2_1PuZYdtG7bJpA?key=UDVCcExkaF9lU3FxSmFMTE1MbG1KbEEyOVd2Vmpn;https://photos.app.goo.gl/GXyjNfPkRAdfhWhu8;12/11/2024;12/11/2024;NO;NO;Condiviso - Collabora disattivato
Corea 2024 - 06 (Busan);https://photos.google.com/share/AF1QipPz3PViSgwM7n1UbcAAf8MkyuVLby4RXWxhtacPcc6XEXVtAX8Z2G2c3zTo9N4BuQ?key=NGg5YlNoX2VqNXBNMTQtNEo1NjFJREJmSXJickd3;https://photos.app.goo.gl/X1VK4i4SFYLjxK2X9;11/11/2024;11/11/2024;NO;NO;Condiviso - Collabora disattivato
Corea 2024 - 05 (Arrivo a Busan & Gita a Gyeongju);https://photos.google.com/share/AF1QipMcqfSGDe_3nEriaJuuU0PK2adipUHEomLyni02ofU_M-pkesbgZ0ueXBTSxHGvfg?key=ZHg0MnpfbW1VZ0o4NnRfUi1WNU1QOUdjcGo4ZmlR;https://photos.app.goo.gl/RpEKwAXDW1fStCb97;09/11/2024;10/11/2024;NO;NO;Condiviso - Collabora disattivato
Corea 2024 - 04 (Hahoe Village);https://photos.google.com/share/AF1QipNj4jOxxGgUTbFG2IZlI6tK9yHdR1E8lQiLm6fatW8ZEz4-MvTaPMoMtGjJ4o8HRw?key=a2pocWV6cm9qR3BxQ1RRc2pSX2p1TldLcXJsODlR;https://photos.app.goo.gl/bUo5X6Cowz26jckj8;07/11/2024;08/11/2024;NO;NO;Condiviso - Collabora disattivato
Corea 2024 - 03 (Andong);https://photos.google.com/share/AF1QipPm7LrieizkJpxJ_kSkqjOrJq1DGvnRayRQO0tbGcm2o8uKXd8fOqEDg0z2aM5NQg?key=YjN6NFRBVkJTTU9sSkZnZTY2ektTWDJJSDNxQmdn;https://photos.app.goo.gl/oBSewrzX5Ac7PZTr8;06/11/2024;07/11/2024;NO;NO;Condiviso - Collabora disattivato
Alto Adige giugno 2024;https://photos.google.com/album/AF1QipPvcqVR3FR9NkJWz837gXkEynW5wQYIOuNjgPfA;;;;;NO;Non condiviso
Vecchie foto scansionate;https://photos.google.com/album/AF1QipMIN55q_VVPdZkXuhvHUXxeqgZwYIlABdYNnl7T;;;;;NO;Non condiviso
Senza titolo;https://photos.google.com/album/AF1QipMISvGyZro4Xv-4tJhNqxOsXr7wzmUfS7WlyHcO;;;;;NO;Non condiviso
Pillole giapponesi;https://photos.google.com/share/AF1QipOt2qFBW-Bm4favGry_1VJw-xYo_QOAZEwElVBIcD9wswfB8FqYBvz4K2MXlqSOHA?key=VGw1Rnp5RlY3ZTJoNWhPNE9fX1BUMzQ0UEpUazNR;https://photos.app.goo.gl/9oMJaeJAUmP9pgPP8;27/10/2023;03/03/2024;;NO;Errore - switch Collabora non trovato
Egitto (novembre 2023);https://photos.google.com/share/AF1QipON62oa2ew3_kvpi2p9q2chgXgqImsmLVePfiij8w_TOSfFtQ88Y5K4JbvXB7ZtVw?key=X0NnN29fbW9GLWU3VEx5MWw0bUFEWFlwY3FlZGdB;https://photos.app.goo.gl/mNEjYrANZP4jLW4d7;16/11/2023;23/11/2023;NO;NO;Condiviso - Collabora disattivato
Calendario 2024;https://photos.google.com/share/AF1QipMmA0HrqmzHG7tM3oUaUUzvcknzhEhmh9g8quL-fwQAquiYm-LxD56jM3FSZkHUQw?key=UXZiTDZ2dmhmVUVqaGRoTTdueFkxVzhYZ3BoQnJ3;https://photos.app.goo.gl/WYW1wA37qMys73mM6;23/04/2023;20/11/2023;NO;NO;Condiviso - Collabora disattivato
Pink Floyd Legend - Atom Heart Mother;https://photos.google.com/album/AF1QipOV2hcgYBx2JzPGlIfv4l4s6-v7D5CveCRuhuIf;;;;;NO;Non condiviso
Stormy weather;https://photos.google.com/album/AF1QipPWeIDnSo7fWvNnroI2PEy-vVukeCzZ8Ll3248Q;;;;;NO;Non condiviso
Val di Fassa & Odle;https://photos.google.com/album/AF1QipNia95uQs1e8qOyc3Yzsw8SB16LIpf-dL878-aM;;;;;NO;Non condiviso
Jan Paul lamps;https://photos.google.com/share/AF1QipOC4L0sCi7fpYnMjugxaXNm2T2seqeHZZ_J5JtJ0E_obusANrK3QdE-zGQu8bFUCQ?key=UjFRMlRqMkc1ZkQ1bVpwX295a0p3azgwOTlHRndB;https://photos.app.goo.gl/zCfZdwArvAVEnKHw6;11/03/2023;13/07/2023;NO;NO;Condiviso - Collabora disattivato
Andalusia 2023 - 14 - Volo di ritorno;https://photos.google.com/album/AF1QipMX6n3sYS_y62rviWbK96VuldDosqbZ_nhLUTuL;;;;;NO;Non condiviso
Andalusia 2023 - 13 - Gibilterra, Estepona, Malaga;https://photos.google.com/album/AF1QipNCajLPSAt7c0t9EteQtS_pW9OiI4cHgo41bTfo;;;;;NO;Non condiviso
Andalusia 2023 - 12 - Los Canos de Meca, Zahaa de los Atunes, Playa de Bolognia, Tarifa;https://photos.google.com/album/AF1QipN40OHQ5Zs5LpPRK4TE5dHfNoB8CcLz6r_aP0qI;;;;;NO;Non condiviso
Andalusia 2023 - 11 - Siviglia, Cadice;https://photos.google.com/album/AF1QipPCMV7Rzsm9XoR0A4uVfDn1RY2SHm3wXNCjLWRX;;;;;NO;Non condiviso
Andalusia 2023 - 10 - Jerex, Carmona, Siviglia;https://photos.google.com/album/AF1QipPlShJZSky6_2wYy8E9_0iD59b8c_fHKnjveSYz;;;;;NO;Non condiviso
Andalusia 2023 - 09 - Setenil de las bodega, Olvera, Arcos de la frontera;https://photos.google.com/album/AF1QipM5YLGDmTOKdEJuUhotdh3mlgpEl5Zun-w5wfjD;;;;;NO;Non condiviso
Andalusia 2023 - 08 - Caminito del Rey, Ronda;https://photos.google.com/album/AF1QipNw8DMvL-ZS3P2h0cmTAmUjDCV6sxhcms5mUHAj;;;;;NO;Non condiviso
Andalusia 2023 - 07 - Alhambra, Monastero di San Geronimo, Basilica di San Giovanni di Dio;https://photos.google.com/album/AF1QipNosVHcppZQCxQKOWmkCrJHJVONL_9xar8hd5o-;;;;;NO;Non condiviso
Andalusia 2023 - 06 - Costa tropical, Granada;https://photos.google.com/album/AF1QipMMeXrWzKN_UdiaKd-Vx8g7gmdH5kIDCzfAswJ7;;;;;NO;Non condiviso
Andalusia 2023 - 05 - Tabernas, Almeria;https://photos.google.com/album/AF1QipMQNT32zwv0Qy51mMMiA3R8RRwGrRfvyDegtKKl;;;;;NO;Non condiviso
Andalusia 2023 - 04 - Almeria;https://photos.google.com/album/AF1QipNCZO9EXkOfnOaRHoibcvmpDP3-I0hW8-cNkqYT;;;;;NO;Non condiviso
Andalusia 2023 - 03 - Cartagena;https://photos.google.com/album/AF1QipP7y8os_TY3HA-uZvez2mrqRYwBF3yP-mYAsHs9;;;;;NO;Non condiviso
Andalusia 2023 - 02 - Guadix;https://photos.google.com/album/AF1QipPVqL6MW1CTA8Czu_fxUDXEIPl2ER57eM5zsj65;;;;;NO;Non condiviso
Andalusia 2023 - 01 - Malaga;https://photos.google.com/album/AF1QipNk7CF2qg3FzdtMPkD-OIbkdIpmLQl2cRdaw1Ws;;;;;NO;Non condiviso
43° Artevento Cervia Festival Internazionale dell'Aquilone;https://photos.google.com/share/AF1QipMdeEt8JtT38Rl5mX7VjVsbRvnsfM12eYSgHgl6qROiCOOZe0c-VnLN1j7GDDe4jQ?key=WFdLTTRHUEtDVHhORkdpVWxjeUdNREI0aEwwcVNn;https://photos.app.goo.gl/zkgQq9miaJWdq4B76;23/04/2023;23/04/2023;NO;NO;Condiviso - Collabora disattivato
Conio d'autore papà (Guttuso, Gentini, Baj);https://photos.google.com/album/AF1QipPk869aCAQORGqg9-1kMqWN_EKHVgIdV0ea7kLP;;;;;NO;Non condiviso
Monete papà;https://photos.google.com/album/AF1QipMG0aQ6e0-aWGqR8u1b6wUE2wS7tqbvLfSOa7ET;;;;;NO;Non condiviso
Chitarra Yamaha FG-451S;https://photos.google.com/share/AF1QipNJdcT2bx-HryUyQEEhI2uP1dPiv0Mymei1p6zu849awAu0fQPGlTfh7k9MeEVybQ?key=SmxUXzVsVFJ4TkdxWWVnbjYydEc2dzNVeWpnODV3;https://photos.app.goo.gl/VhCfW4cGDXoLjjq77;03/06/2022;31/01/2023;NO;NO;Condiviso - Collabora disattivato
Calendario 2023;https://photos.google.com/share/AF1QipO34wyc6s6SeN1HV8qr3eOT_AYIlCK8YDbXgf4nBhwCUVUE68j1TlBiq-x-WznNsg;;15/01/2022;10/09/2022;NO;NO;Condiviso - Collabora disattivato
Roussilion (Sentiero delle ocre), Valensole;https://photos.google.com/share/AF1QipMFl8bs3cjct_5tNC_sDSm9OskHSV-ypyVlG-BY0c71RHQbuPfuBFejMYRSK2fH9Q?key=WDRYbG1UanJ5bFU0eVppVDI0YjR3ZnZmb1JMSmVn;https://photos.app.goo.gl/QT9pH8bEgsSTTt8n7;07/07/2022;07/07/2022;NO;NO;Condiviso - Collabora disattivato
Carcassone, Abbazia di Senanque, Roussillon;https://photos.google.com/share/AF1QipPwMiaVfzmOTWmxizAazOQzSBaD8LcaJ_Xo64XyOnMSj4gUarWj8JFnPV1Tx-bYTQ?key=UjdGMllwQzhYcFJ2cW1JLW1oUVhycnd3NW9PanNB;https://photos.app.goo.gl/iuqeN62hCRXzJTNZ6;05/07/2022;06/07/2022;NO;NO;Condiviso - Collabora disattivato
Bilbao e dintorni;https://photos.google.com/share/AF1QipPofok4jSQNsO7_hTw2Vyc2sS8B0siVG0sbcPAnjSVhpHkvFVEKKPfdaZ1Yq_YYUw?key=RkJaR2ZFc0NoaDE3dnJJQUEyQkpxS2JzMEhJZVRB;https://photos.app.goo.gl/yn21iUBceHGgKs6Y6;04/07/2022;04/07/2022;NO;NO;Condiviso - Collabora disattivato
San Sebastian & Bilbao;https://photos.google.com/share/AF1QipO1kRbt9eVLLVyG_qauqNsDqbCcBEgG6osFUR_HK2Alq0FhGk7SzgjKHswSuF2JIA?key=RTIxbDQ4Y3hkMmc1RnRaeEluMUluQmxETU1zc3pB;https://photos.app.goo.gl/58srAP1eSR7aLxjB8;03/07/2022;03/07/2022;NO;NO;Condiviso - Collabora disattivato
Biarritz e dintorni;https://photos.google.com/share/AF1QipNMC_pBpUa29fc9-3C4r3Ltw1kQGHQuPfUssiLmeG6Igas9PP3UzrnWKhFxkAUkOQ?key=NFkzaUFCbU1KMnJuVXNmZ1FtTWR6ODI2ZDRqbFhB;https://photos.app.goo.gl/KzD8S3eVFrt1ywvP7;02/07/2022;02/07/2022;NO;NO;Condiviso - Collabora disattivato
Duna Pilat, Bayonne, Biscarrosse Plage, Biarritz;https://photos.google.com/share/AF1QipPvHGNsFwGkZCwN_1KNIJKkzU7v3EwcVToA1ImW-vDPQ_cVJx4WLCPcrp_8SGAAPg?key=Wk80ck1jeGlzNmhvTF8zV3dBTXVjbjMxNzhnQlFn;https://photos.app.goo.gl/X1ykRbkhcYgMDn966;01/07/2022;01/07/2022;NO;NO;Condiviso - Collabora disattivato
Bordeaux;https://photos.google.com/share/AF1QipNavvoZZUkoo1LAKtg435MsM2QYZx9ecyFRohOIpVyEY2_4_CV4JPaPQomTINwLsg?key=cWI5VDFxVXgzd1RaYWkzSGMwcmNkbENGZ3dQV0Zn;https://photos.app.goo.gl/QFnV3AJW2jh3gU6n7;29/06/2022;30/06/2022;NO;NO;Condiviso - Collabora disattivato
Il bacino di Arcachon;https://photos.google.com/share/AF1QipPydb19P-q_koaZ6fpZZE-BoycJYK6GZW0acW1U_Zq5bSWFSBxGCQNvGufbikjXqA?key=Y0c0eUJpTDRGdzdCWjMwRWRiSk9VNGZrazduQVd3;https://photos.app.goo.gl/d8tnwmnC4SsPDmGp8;15/06/2022;29/06/2022;NO;NO;Condiviso - Collabora disattivato
La Rochelle e altro;https://photos.google.com/share/AF1QipNJeZLKC73qlff6zYanGgJbzyUdmRuuqrWpZSgr9vPPFoV7GCj0WHVhKfgKQOZOIA?key=Zk9zdy1VSWJuYUlXWVJfQlVZUDlBbkZpUGFaMWZn;https://photos.app.goo.gl/fwKmKctYpT3aHhpy7;28/06/2022;28/06/2022;NO;NO;Condiviso - Collabora disattivato
Grenoble, Limoges, Île de Ré;https://photos.google.com/share/AF1QipO0VXJTqyHM2Sy_yIKO7foqdU_nqYkQNnVN168WJiHdArFjMQcyo40xZtUNWUUVlw?key=bVEwbU5idktVbmtLSlRwTHJOYkptcFpYSEE5eFBR;https://photos.app.goo.gl/7rGtHERy9327W6he6;25/06/2022;27/06/2022;NO;NO;Condiviso - Collabora disattivato
Chitarra #4 Koa;https://photos.google.com/share/AF1QipPEMXeXF8TExvPFDZtNdm8So3Cn5KxD9XA0oy7KAbvoYv9865drZi5IdsvGHH-I9Q?key=ZTYwaFU1c2ZBeXFBWVYyQzVIRVJvSWdSbDdDS1VR;https://photos.app.goo.gl/Qz8CMxJzZCSbC6VP7;10/10/2019;30/05/2022;NO;NO;Condiviso - Collabora disattivato
Papà;https://photos.google.com/album/AF1QipMeRyLiCaGLDej5qrAa87LZcACWiTzalE361jxv;;;;;NO;Non condiviso
Oasi di Canneviè;https://photos.google.com/share/AF1QipOb9cB1OolN5IYc5a84RDiMBvn8lHzCMXwCzU71qut0PmtiKGakVDOTpJdIqX5uQA?key=Q2swNWZ5TXE1cllxNVMwV3J3TXhjNkpfOS04Z0F3;https://photos.app.goo.gl/ooct7PqATtDVE28LA;27/11/2021;27/11/2021;NO;NO;Condiviso - Collabora disattivato
Calendario 2022;https://photos.google.com/album/AF1QipPAOKi2XcRWImeU5yQHWjq0jZnanSYMbefnT8iw;;;;;NO;Non condiviso
Arcobaleno completo;https://photos.google.com/share/AF1QipPBObNgbT6SowfZZEXhT7ry0uC_3OclIMNzA6bby5RYMtRcV9M6FyE8L80U6TQcfQ?key=VFlvbm1pRHdCOVJwRE05QlBILUIta1FvdVNadVpR;https://photos.app.goo.gl/B27aon7Lrui8zNdf7;26/09/2021;26/09/2021;NO;NO;Condiviso - Collabora disattivato
Lago di Como (+ Salò);https://photos.google.com/share/AF1QipMHespQ0WOwsfivfF5TbjCx9DB5sON2-2WnHdHc9kU98CGOmP6C4bSJMKgdXBb8Cw?key=WFd1X3NyQ2EwN1lFMVpWNGZxUDQzUGxUUzZZbWR3;https://photos.app.goo.gl/s883nagyPaRr6K3Q9;06/09/2021;11/09/2021;NO;NO;Condiviso - Collabora disattivato
Marmolada e dintorni;https://photos.google.com/share/AF1QipPrULXS1TtLHZXwesb89tYenU5HhDmQ5lmt1AawvK3AN_l0ReNmiTsTGLAkZZ7qKg?key=UzJ2ZDVTQ0JBRHhMYjhQOUdROG9zZDN2WHhoV0N3;https://photos.app.goo.gl/JpTGWHENkwgRQi857;26/06/2021;28/06/2021;NO;NO;Condiviso - Collabora disattivato
Gita ai colli Euganei;https://photos.google.com/share/AF1QipM5VM5O5GPTgYUw8oh5XGjU_ogHB41ea_3b1ME-NnRkgfe7Lidh8rIHe6ciwkht0w?key=NTVpdm52MmZGSjVFOTEzRnNYQzdvazdxVzVsUW9n;https://photos.app.goo.gl/y3TNPgcFfXdAUk8LA;14/06/2021;14/06/2021;NO;NO;Condiviso - Collabora disattivato
Gita alla ex Fornace di Campotto;https://photos.google.com/share/AF1QipOuy5jsuWsLtPyLlyNPAexvHuY5pGef_eIEzOcnKpjWmjZEj-oCQHMCfZymGNtj-Q?key=bXN2THFBTFZnaktCVl9FWThsTWluM0hPRTR2X1FR;https://photos.app.goo.gl/6yL2oCZqJ5ntLduv7;30/05/2021;30/05/2021;NO;NO;Condiviso - Collabora disattivato
To sell: unused 14-fret OM, bolt-on neck (Stew Mac Item #1109);https://photos.google.com/share/AF1QipNx8h9Fhc_wkhcRlyt3imwou2fwQvrq-jl4gyn-hDcwLqAN2dfNtuVF9zbgmoYoKg?key=dVo5WVJyaXVCMkFsRDNDaFZ5N1BjWnMyQVVkb2p3;https://photos.app.goo.gl/gG4mPtFVsiGuW2ZL7;25/04/2021;25/04/2021;NO;NO;Condiviso - Collabora disattivato
Autunno 2021;https://photos.google.com/album/AF1QipOFBlHz2j05bAEqV_ks0KbzWfpNAx-H_F2jWA8j;;;;;NO;Non condiviso
Calendario 2021;https://photos.google.com/share/AF1QipMZUKYoDtPJa8cfz5KTDHsT2mhKmjMMdb8dPdjkpoFpB5FF7MuskE5TFJ-giO7XMw;;22/05/2020;07/11/2020;NO;NO;Condiviso - Collabora disattivato
San Leo e San Marino;https://photos.google.com/album/AF1QipPfv2x1l_5X-RlbbyDj44J4SxL-x4wt9JD1KtX0;;;;;NO;Non condiviso
Venezia;https://photos.google.com/album/AF1QipOLQKhL_32P-zz_D6ouu84ARmqIOtnmqQIOkI2p;;;;;NO;Non condiviso
Calendario tavolo 2021;https://photos.google.com/share/AF1QipMbO9bUle5tqOUiChY78CrfEMYwoAdrYA6dVkOiTDtiIrQ5vis9hYo6ThqyAYmXMg;;07/06/2020;13/10/2020;;NO;Errore - switch Collabora non trovato
Marche e Umbria;https://photos.google.com/share/AF1QipOPZWvUHT4SFay3Gpqz9NQXoh_RXTF523CepQJ4-YEzkckcxawyWUefmfhefI1qyA?key=ekRJRVJLZ203NHl3bVc5ZTZwcnVyM2ZBcDh2eGJn;https://photos.app.goo.gl/8B7zRZ8K9BVtjTA86;06/10/2020;10/10/2020;NO;NO;Condiviso - Collabora disattivato
Mensoline;https://photos.google.com/share/AF1QipM1ji7pkOlCzeJoBFLsfF-T6rwAqHx4DGcHgtcNih1YDNsWpwzbDw5nfbPrXGNJXw?key=cUI4THFacWQ2dlA1UTQ2emtIVi1JajVTaWFpRVNn;https://photos.app.goo.gl/4f7VaioAfnEbMqjQ8;12/09/2020;27/09/2020;NO;NO;Condiviso - Collabora disattivato
Bouzouki;https://photos.google.com/share/AF1QipOgdOByuNKEpfv2dqgwsOZwPFhfh-gLB5u4838CPGrbt3mcmYUNcI69ultR4PjP2w?key=M2VieTRBamE3R1QtTEJkZThWNEVrNmU0Q0paclFn;https://goo.gl/photos/t13ec7R7Auoyq6Nx5;06/03/2007;26/09/2020;NO;NO;Condiviso - Collabora disattivato
Castello di Torrechiara e Parma;https://photos.google.com/share/AF1QipM8IqwitkxYYES310fcnOQYFvkXaAOx4W1W3RdTplqEAXXYhZPmO0-GPURoAvSHjw?key=N0VLd25BUWlmR1NyMlBvWGZxbWJWcWlMcjNtQ2J3;https://photos.app.goo.gl/KcZd3aDG5zHPmXor5;26/06/2020;26/06/2020;NO;NO;Condiviso - Collabora disattivato
"Merano e ""dintorni""";https://photos.google.com/share/AF1QipMqleFGCOcO6rYbqv4RMYI-drM38UtCYGJB8hvYJmzQO6RDlNuF30YZr5kV-Zy7gQ?key=Qk9aLWhwZTBKX1lJekJvV0JRRjJVRTd6LW1KWElR;https://photos.app.goo.gl/EAtrKHkGdFETycyU8;06/06/2020;11/06/2020;NO;NO;Condiviso - Collabora disattivato
Cover Xperia 5 papabili;https://photos.google.com/album/AF1QipMGyj9vsBkwNPeBjKwUlvBuRAu2kLwCR0q9oJPp;;;;;NO;Non condiviso
Gita in spiaggia;https://photos.google.com/album/AF1QipMVFBlDI8gSrYWVyrdCQQwcTDjxgTZ5KHzLUCqs;;;;;NO;Non condiviso
"Riparazione danno da ""kickback"" su orologio yoga";https://photos.google.com/share/AF1QipNpJ6ZyEEeSAn3GZTbZFo8GgBtMwG2CiVbAQEXssMx6uR7N4ugPPfLYFp4_wGoH8A?key=cXhmNEZ2eUlnRkxDZzNOSEozWmFOQ1VKR1pJT2N3;https://photos.app.goo.gl/A5BAnKqH3wfpL9Lv7;05/08/2019;10/02/2020;NO;NO;Condiviso - Collabora disattivato
Lampada in stile shoji da tavolo;https://photos.google.com/share/AF1QipNJesQsOEEl9S9xDTaxPLzHsF0CTYjl8SbVH7evy1YB9HU-VfUNKerW01hhr4D8uA?key=TTJWNThYU2VUZzBLVW41VExVT2lKNnpXa2ppdkN3;https://photos.app.goo.gl/YZbdyWAiNLZthzEHA;07/07/2019;19/10/2019;NO;NO;Condiviso - Collabora disattivato
Svizzera e Alsazia 2019 - I villaggi dell'Alsazia;https://photos.google.com/share/AF1QipNzkFbxtp3DzbfLqCq1616zwFT2RpcoSBlLAd3Oxl15eXPrGwUP0G4NppUfCcU67g?key=QmR5VC04OC1HOG4yV1lwOW1jRHd2SVhhak83ZGFB;https://photos.app.goo.gl/jDwmfvgFxHsmoWx87;17/09/2019;12/10/2019;NO;NO;Condiviso - Collabora disattivato
Svizzera e Alsazia 2019 - Verso Zurigo e Zurigo (Zurich);https://photos.google.com/share/AF1QipNnaeFBOA3rSDSqYObnLItJcIZPKhm3zuEG9TJvypn49w0GEpnT6713FfIWBRp2dQ?key=T3BwWlJfQTIwUVJ3eDRySVlteXpwdFRPRlI3RGRn;https://photos.app.goo.gl/7nPhd9k8sVR3tr969;20/09/2019;20/09/2019;NO;NO;Condiviso - Collabora disattivato
Calendario 2020;https://photos.google.com/album/AF1QipNdk1YR3e4rw1b2qDfcxiIzAWgmgzpkx6m1uCSN;;;;;NO;Non condiviso
Svizzera e Alsazia 2019 - Strasburgo (Strasbourg);https://photos.google.com/share/AF1QipMRE1xTPddk8D41WfWFBWbTel1YpLKqcNod5PeJaJxr4cDeyB0yOWO6eDISwzKMQQ?key=SG5OOVJtMzBaUWlxQ3VYMC1SS1hRS21GT0VYeFBR;https://photos.app.goo.gl/fXNdyyj5SLR94drc8;19/09/2019;19/09/2019;NO;NO;Condiviso - Collabora disattivato
Svizzera e Alsazia 2019 - Colmar;https://photos.google.com/share/AF1QipOoUaQUrGdbcwZr0Ka-azq5IjzVeXu3VHtQkGnMA62VvrBy45fMLjP0f67wRsn9eA?key=U25TNFEyLTF3azFNWEs5aEVjcmdObHFPQ2FmTzBB;https://photos.app.goo.gl/PT26mSuvsWfYUQRN7;16/09/2019;16/09/2019;NO;NO;Condiviso - Collabora disattivato
Svizzera e Alsazia 2019 - Vitra Campus;https://photos.google.com/share/AF1QipP8Qg86rna0sKEhmPGIL6Ioj65Jl-kBJtSQxp_ACd21E-3fggTCSFWZkAFFB938bw?key=ck9obVc4dktqbDUwc1VrZ1Y4aUFQSDFPTXJDLTdB;https://photos.app.goo.gl/nEZYFswufKGR6CGx6;16/09/2019;16/09/2019;NO;NO;Condiviso - Collabora disattivato
Svizzera e Alsazia 2019 - Basilea (Basel);https://photos.google.com/share/AF1QipPStBW1KeRdJT-4w4wIQ1pBeOPxlL2yazEJQ1S9s4krG92yaIaomyjdrketOhKQpQ?key=RkJkN181bHh2TGhQRlMxRlN3OFVQNVIwdUw1dFp3;https://photos.app.goo.gl/PuPyxktqjAUVNpwH8;15/09/2019;16/09/2019;NO;NO;Condiviso - Collabora disattivato
Svizzera e Alsazia 2019 - Lucerna (Luzern);https://photos.google.com/share/AF1QipNF-xVbpuVyv3qmlEA0BT5JCL0t_-oXvbGqBDMWVpQyEF7XE98J9RJQZa66idbnDA?key=T1E5elBlMjlPMlRnWElNNVhnU2tYdWtNalJrRzRn;https://photos.app.goo.gl/HjhyAt7WdFFVjp2c8;15/09/2019;15/09/2019;NO;NO;Condiviso - Collabora disattivato
Costruzione orologio per Roberta;https://photos.google.com/share/AF1QipNSlcdFSzp41jpfW4b3K7EOYXdkqR1qGnTN_C0sqsSnsrOnYS61Yk_OH4DHDjjfbw?key=TXExS1IxeW9yZmF1MGNxYmFSZTU5bEY3R1JMaXdR;https://photos.app.goo.gl/k7mgPz8WDqaPDsx18;27/07/2019;16/08/2019;NO;NO;Condiviso - Collabora disattivato
Hong Kong 2019 - 06 - South;https://photos.google.com/share/AF1QipMst5iyWEWdkgyk4hQLS6xsL30xS_8y-CGGxIANFIrH77C_jTmXDzHVPTev9VzhPQ?key=ZFhxczV3dksyYTluUDJqbEVPWFFwek04YThCQWpR;https://photos.app.goo.gl/V1Sy13ffXhvs2T1p8;29/03/2019;29/03/2019;NO;NO;Condiviso - Collabora disattivato
Hong Kong 2019 - 05 - Lantau Island;https://photos.google.com/share/AF1QipPWAjCvnkL5ciu2xMGmo_bSAjh8afabpIZaOpTE6soT5vamstj_Pmj50LNkSRF2dg?key=SkJwZHlJOEZ3dU5mSXF4QU00N3VGYXV4cHF1MmhR;https://photos.app.goo.gl/tgnKFU2YbhzgX25P9;28/03/2019;28/03/2019;NO;NO;Condiviso - Collabora disattivato
Hong Kong 2019 - 04 - Gita a Macao;https://photos.google.com/share/AF1QipNyEgMRDnfpanv2hA9vyuFKsigrPqzDx0iQWyX6QcY03-qUrWfG0UpLV4tONXfBbw?key=LU14WWZXMXFrYkVhOU5YQ3FzcGNDOE9PTkhyLW93;https://photos.app.goo.gl/KhDSaFTmdaUqC3c9A;27/03/2019;27/03/2019;NO;NO;Condiviso - Collabora disattivato
Hong Kong 2019 - 03 - A spasso & The Peak;https://photos.google.com/share/AF1QipPqjZpuDXJENMGYGryXtBgqoVnzbYfXvFn3TO6EYn_LnwRVY3J-MDwhUiBupePkZw?key=cnFGLTYtVU02UkJhUjBtZVV4b3I5c2JocnVialNn;https://photos.app.goo.gl/dzxFxtjdokkyTrws9;26/03/2019;26/03/2019;NO;NO;Condiviso - Collabora disattivato
Hong Kong 2019 - 02 - Nuovi territori;https://photos.google.com/share/AF1QipPLILctK7DxyXPwSVg_vAmefBa2hx4GzMB3owOiRNcZ9vKyOFHK0BEtG4M0B4472g?key=Z1dSbVNPSzFFUDRGemdCeVhkS0JVMmpQTmNDTkJB;https://photos.app.goo.gl/aPn7VevAfC25EYYRA;25/03/2019;25/03/2019;NO;NO;Condiviso - Collabora disattivato
Hong Kong 2019 - 01 - Arrivo;https://photos.google.com/share/AF1QipNRNP6h1PBrQ9bCjPUBDtPmX_Fhn0-X7s1x-H5UNLYBKVGfICR1m3P46fD4cFPb0Q?key=TmZ2ZWt1WGdVeHdKd1hOWlkzWjRhNE5mUzRLVGhR;https://photos.app.goo.gl/sMUXQRGxFfNeFM6N6;24/03/2019;25/03/2019;NO;NO;Condiviso - Collabora disattivato
Hong Kong 2019 - 02.1 - I bonsai della Chi Lin Nunnery;https://photos.google.com/share/AF1QipMscmG9g64ockCGkb-H2dQOy7oLwj2Wo1u_SPbRclh7VpbWNoPN5mwiACY1vl4idw?key=NGlPZ0dKQklhYWFUMkhZVk54VjM1YmtIeWotaHpn;https://photos.app.goo.gl/RwzEkUHgmA4TP8F66;25/03/2019;25/03/2019;NO;NO;Condiviso - Collabora disattivato
Taiwan 2019 - 10 - Kaohsiung;https://photos.google.com/share/AF1QipPfsLVnqRPMPOsVFXqchrPtDrd5OxTltb7G7alo9bMfK3HiHQKUpKoWAVJmHAOOPg?key=UFJfTXU1UFN2emZhbkxpRi1CdmZkVF9Tb3pybVdn;https://photos.app.goo.gl/acjYfPYzpb5qrijx9;23/03/2019;23/03/2019;NO;NO;Condiviso - Collabora disattivato
Taiwan 2019 - 09 - Anping & Tainan;https://photos.google.com/share/AF1QipN4zcidVtxH9OAX5Jfs_D_HpiNCct5SUkV6Mgw1DVODo6F4hg_dHRaoueKOUtOIgA?key=TjIwUEVLbUo1Mm82NlNmYzdnQnc0N2FNa1A3cU1B;https://photos.app.goo.gl/6CQ7gamgGjGGrBnV8;22/03/2019;22/03/2019;NO;NO;Condiviso - Collabora disattivato
Taiwan 2019 - 08 - Tainan;https://photos.google.com/share/AF1QipNqqt4P_iNmqiOjy9pGggMooPhi5bmDE8K0I1KdnLKcIoKxjinp5tfqnM4ItTH5Xw?key=ZFVOWGRkSlQ4UUFMYzJkR2UxTS1VSGUyMFVEV3ZR;https://photos.app.goo.gl/iHDrJoRT3JHCMC2y8;21/03/2019;21/03/2019;NO;NO;Condiviso - Collabora disattivato
Taiwan 2019 - 07 - Lukang & Taichung;https://photos.google.com/share/AF1QipOTCgx6INOTw9I95OXpp1OctbDHIjROhOqNIVEanGxb4yjyltWUeeqMbCaIPPAXrw?key=aW1iYVZJWHR3SnZlTFNJOGI3bDQwZVRUOXpjd09n;https://photos.app.goo.gl/sh4rpEBvtdJzc5dP8;18/03/2019;19/03/2019;NO;NO;Condiviso - Collabora disattivato
Taiwan 2019 - 06 - Taichung;https://photos.google.com/share/AF1QipPEnBnJGvKmC-AgPVRD3mSyQE-13nmClCq-ocz1eG3LXPmdO52N9814y1bXyWbIQQ?key=MVlNWnhoRUN4THZzSHFsTF9LODdSQXZ6S3ZyRV93;https://photos.app.goo.gl/pxCPjt4cLQ6XwyaS9;17/03/2019;19/03/2019;NO;NO;Condiviso - Collabora disattivato
Taiwan 2019 - 05 - Taipei & Tansui;https://photos.google.com/share/AF1QipPSAuuPzDBoYu1dhZmZk93pXSqiA8PP6QJ-SE9ItTSgNmCJOMF7LcEYCqGjan9O7g?key=dmNENFNucGJjdHNBTDNKRVRJb1YwM2UwZ2YxeEpB;https://photos.app.goo.gl/B6sb5BcdgY8SQgRn6;16/03/2019;16/03/2019;NO;NO;Condiviso - Collabora disattivato
Taiwan 2019 - 04.1 - Taipei di notte & Raohe night street market;https://photos.google.com/share/AF1QipOLnNQWhIYlnqbrAywHEpZ9NBu8HABwHlET31iiCXqavw9t-CXAY65BM_-Dnhs3qQ?key=RmdiUFNsNGFKU1NfcjhfZ21Xc3dXblhBZUZmekZn;https://photos.app.goo.gl/X7vpdDLZuSA9SgUr8;15/03/2019;15/03/2019;NO;NO;Condiviso - Collabora disattivato
Taiwan 2019 - 04 - Jiufen & Taipei;https://photos.google.com/share/AF1QipNEdf8WWmMxREu_LoqxjO1tg1xbqvL4NNXNRD8KBEdeWUBC8j3ULCfpNBqmsBgzZw?key=ZWFtNWtkZlRFZWVHS3pianhpdmVlUVNhMGpNVWtR;https://photos.app.goo.gl/KsGdVTU3m5owca8w8;15/03/2019;15/03/2019;NO;NO;Condiviso - Collabora disattivato
Taiwan 2019 - 03 - Taipei & Beitou;https://photos.google.com/share/AF1QipOZukaYavfZFgiKArm2UGTzkdMasDYCy3gtSyIY8aEh2-5xpVU6rbcRBcdKOX_rUA?key=bHlBcVdFN3hOYm45WXJyUm1hSDI5anZyUFV6em9n;https://photos.app.goo.gl/vnzSz84fvab5Ux749;14/03/2019;14/03/2019;NO;NO;Condiviso - Collabora disattivato
Taiwan 2019 - 02 - Taipei;https://photos.google.com/share/AF1QipPeIETQ0LJwM1l05ZLMwSSrH8iS0hwn8SeOZZ98YRk4YkfLbtAbXob7UYjon03krw?key=YWN2VWcyUzhrN2tmWTJhMTRYanFhajIycXF5a3VR;https://photos.app.goo.gl/KcMmY7hGk6m7fDw9A;13/03/2019;14/03/2019;NO;NO;Condiviso - Collabora disattivato
Taiwan 2019 - 01 - Arrivo a Taipei;https://photos.google.com/share/AF1QipPkNecsoeEz3LPAMzwCA2k3CVCRSkznRjMxToIzdgLk-vRvOXshjaIeJwUjWCrahQ?key=SlNuanlkVkJNYm4xVGNBdl94Z0k1OHRManBYRkZB;https://photos.app.goo.gl/hSH32G5ZEnWbituq7;12/03/2019;12/03/2019;NO;NO;Condiviso - Collabora disattivato
Citroen C3 Picasso 1.4 VTi 95 Seduction;https://photos.google.com/share/AF1QipPuAxDquUNj3nfvGu1F_4SVVdC5CMVqjLhLojAUSR01XISeVjZ6adtqUm1kTvuz-g?key=cnhPcXlfck9tQjBCaUl1RmxiZGpNR3RQelVnUmJn;https://photos.app.goo.gl/AumVjGv9sfBMQ9Wc7;09/02/2019;09/02/2019;NO;NO;Condiviso - Collabora disattivato
Tramonto;https://photos.google.com/album/AF1QipO_5e0dYuusBgHTgFI87PEht7EIWG-i5BoMMlL6;;;;;NO;Non condiviso
Oslo & dintorni 2018;https://photos.google.com/share/AF1QipO7S2wkdE_CUy-Fcko4ILPSHmyW32ChJnx27Ud4fmohN8DcAgclcCxDA5iOJpbJiA?key=LVFmTElzSzJ0YzIzeWJsSXdtUXhHcEMwVV9kZlZn;https://photos.app.goo.gl/4svSUG6oiaL1W1xg9;27/09/2018;30/09/2018;NO;NO;Condiviso - Collabora disattivato
Calendario 2019;https://photos.google.com/share/AF1QipNpCuGQ57ZJEPvcaZRDxhpB8urmyCHUcbxCzpwTkS4bC2BeQ7x0EuGIGEVHS2kXNw?key=U1RIZHo1aUpMalFidUlXWW96ODROQWE0emlCc0VB;https://photos.app.goo.gl/n2XBQFJdSW2fJtqR9;23/03/2018;30/09/2018;NO;NO;Condiviso - Collabora disattivato
Scozia 2018 - Scorci;https://photos.google.com/share/AF1QipO2MXL51WbHUMg2_i-JmjlBtTcPisQNKSYMEcdgwLOyWuB2wg1Lm2TRNca4LHcEug?key=V3lBektId3FyUnBtSUpqanpocjA1VXZWV1o3RUh3;https://photos.app.goo.gl/kwfSTCKTwjXm589f7;22/06/2018;08/07/2018;NO;NO;Condiviso - Collabora disattivato
Scozia 2018 - Particolari;https://photos.google.com/share/AF1QipMzAzuMAQDgCqfJ3Ie9V-ltbMIc71vFqIt3gN5fxHDnrh5nxOFMr-FBUsqNgOulKw?key=di1VUVlWZlBmZG8tNE5lZVM5S3hEbUtsT3JzY3J3;https://photos.app.goo.gl/iU8bU49qN7pATMQ18;21/06/2018;08/07/2018;NO;NO;Condiviso - Collabora disattivato
Scozia 2018 - (dal cellulare);https://photos.google.com/album/AF1QipNgqzISkooL9oJ9sJwoZrHzD5_ONv6l-7c3ynBh;;;;;NO;Non condiviso
Scozia 2018 - Cartelli, avvisi, ecc;https://photos.google.com/share/AF1QipNc1YwSBH9GeOTDBNOf1Hj1t2ykXK9ADcIJhp74UkP7vr916IBNzZeOnk4mVfPoXQ?key=UmhYdmdpVEVCVXpOLXd0UG42V0NMUXpvSld4Q1hn;https://photos.app.goo.gl/u4BP7vaoAw6hH1bR7;21/06/2018;07/07/2018;NO;NO;Condiviso - Collabora disattivato
Scozia 2018 - Panoramiche;https://photos.google.com/share/AF1QipPNCcfHzoC7nqPg_lPR4eUz9CcubbNv-dHLW2VqPhpgLoG02D8kQjcCye15DresEA?key=SllMbldkT0V5QWNhZEozaWRuRnJ1R2R3aEtsb0h3;https://photos.app.goo.gl/Y9p7x2yV2Em5iUp6A;22/06/2018;07/07/2018;NO;NO;Condiviso - Collabora disattivato
Scozia 2018 - Castelli;https://photos.google.com/share/AF1QipNyipHmzltBFxSflLUhB2OothrOLxvV7bfeJLBKkUISiw13Ch7KBZ_RB_RVzYOqPQ?key=WWRIbnFSUEVrNUJmN2g2LWNoZmphVUV3TlhHcmhB;https://photos.app.goo.gl/jpnTP7xQ15GcMxL86;22/06/2018;07/07/2018;NO;NO;Condiviso - Collabora disattivato
Scozia 2018 - Bass Rock - Colonia di sule;https://photos.google.com/share/AF1QipMgTjIUDt44SuPT1g3kjPF2y_9BNXL0dslcibL9lGYhG5DEKlKH8_MSQco-_CKnCA?key=ODBCeFRieDNQckhTU0syVVZrLXJaT1JIcnI0NDJR;https://photos.app.goo.gl/bchMqYuyWqnRXUhE7;06/07/2018;07/07/2018;NO;NO;Condiviso - Collabora disattivato
Scozia 2018 - Animali;https://photos.google.com/share/AF1QipM8AvkazKCLznU-_GpyKznWcl75mbyQv0xrM2BHGmSHkaRAYg6TVFgdGPglE5Mi8g?key=ZVpITG1rdlgyLWR6aXBSUU9ldFFPQU9RY1BmaDFR;https://photos.app.goo.gl/gZV46AvFS1oJg8by6;22/06/2018;07/07/2018;NO;NO;Condiviso - Collabora disattivato
Scozia 2018 - Varie;https://photos.google.com/share/AF1QipN3fdqWLne8XeHA5d48jSCxBALEjFg42VNfWnLO3xD8tDoSpo3QkiX-mQF44XJwyg?key=RGlHRUZwUEY2MlR1NUdGQUljLWZXOEpYZkpZUlVn;https://photos.app.goo.gl/wZ8FnsXYLteBt8q1A;21/06/2018;07/07/2018;NO;NO;Condiviso - Collabora disattivato
Scozia 2018 - Spiagge;https://photos.google.com/share/AF1QipOXZaRUXycIZ1JxRTcB08LTJmmMNnFHEfotgn-GmfvN_j7N3GwiMTrTnRTgwz2tNQ?key=TnEtWG1iMEdPT3BFNkRRZ0h1MjhmVHRKYXlWOXhn;https://photos.app.goo.gl/pBVcBThDqM75hXvPA;28/06/2018;06/07/2018;NO;NO;Condiviso - Collabora disattivato
Scozia 2018 - Cabine telefoniche;https://photos.google.com/share/AF1QipPYSlL4GxOI-hgaQNZ4bhHNhEcSqu8nASj8c1bZ4HmLW38uBQ0oYaXouZyrveXGAA?key=Z0JpOXlHYVBLa081cGtBS3JXR1llazhiMkRKSGxn;https://photos.app.goo.gl/QPfkiDbV3nzVtMwT7;22/06/2018;06/07/2018;NO;NO;Condiviso - Collabora disattivato
Scozia 2018 - Infrastrutture, edifici, rovine;https://photos.google.com/share/AF1QipOYznu1a9vTFmnw80qujmwXdYR4IDQ1gq3I_DaLym4J-35FsPnQ754ANV3V8vx6tg?key=T0Z0M0VGZnV6WTZ5T0JZanVaYWlQcnFLcjc2VVBR;https://photos.app.goo.gl/4e5dkUhAMTgXusnE9;22/06/2018;05/07/2018;NO;NO;Condiviso - Collabora disattivato
Scozia 2018 - Castelli (interni);https://photos.google.com/share/AF1QipP2OsQzdDNq9ttNX1ogt3Vxqrqpz-4LpLrGsaFTKMQu-Ql-0oNDaNa0aPNXUK-hKA?key=NDlYX2tiWlRWTlZybzF1c3JnWkRNMWw2UWhHWUJ3;https://photos.app.goo.gl/kb3rHyBaNQdu2NpS7;01/07/2018;05/07/2018;NO;NO;Condiviso - Collabora disattivato
Scozia 2018 - Natura;https://photos.google.com/share/AF1QipMviw_LN7WMXsBfg3TXh7bqhfpIeTcZrzjTwuvO9tlKM_xE-wWmlzCQloz0FECi-A?key=NkZ1M3h6TTNITGxsNngzUmNTWFZybmszcTJPc1V3;https://photos.app.goo.gl/LS6pVNEvGNNyGHf1A;22/06/2018;04/07/2018;NO;NO;Condiviso - Collabora disattivato
Scozia 2018 - Viste;https://photos.google.com/share/AF1QipP3ED_at_kdQF7Xm8QQ-GPqQ_l46atn-u1K40O3rrhjNLK2s_77ZyvYs0AnQs9P-A?key=d3VJTTVKT3NTT1BFNC1GWWlsVVFWTmZDS1dMTEdn;https://photos.app.goo.gl/dzjCv4AVrdkfKnG2A;24/06/2018;04/07/2018;NO;NO;Condiviso - Collabora disattivato
Panoramiche da stampare (100 cm x 24 cm);https://photos.google.com/album/AF1QipOyWMJKJRwi9FCRyJ4eew1GacaNv7VA9RnMDd_i;;;;;NO;Non condiviso
Alba tra le torri;https://photos.google.com/share/AF1QipPw8htcgsi7HoL0i005oTtZQR8Wa3Ip3qBoEdTGCOacur76Z2_GdHvVYFtINAv0SQ?key=eDRWWkZvXzNiOHZZUDdOUF91YXAtbEpyZm9HUTJB;https://photos.app.goo.gl/k5TBTz4YNEf9dMsN2;08/04/2018;08/04/2018;NO;NO;Condiviso - Collabora disattivato
Toledo, Madrid, Segovia;https://photos.google.com/share/AF1QipOPo2FUQEkXrCl5emQS0pl7d64Tdr_tHL2NmdqdmIVncokhNPR7RjWoZrffdE5XAQ?key=S014Q1ZzWS02ODdRSkU1dEcwS1d1MnQ5YTR3MDZR;https://photos.app.goo.gl/hlAU1p7AElUe5YA02;23/03/2018;26/03/2018;NO;NO;Condiviso - Collabora disattivato
Gradara;https://photos.google.com/share/AF1QipOLxyoZGGQrW_nxy77e10n1vNNG5fhxsk9He-7dUK_XrJS3ULpCQYPsXf1khncrBQ?key=aG0yNGZMNHFLNVFoTDZ2WEVtTklpdjN1WjBNMnpR;https://photos.app.goo.gl/atO0yNmesnUV1wmk1;17/02/2018;17/02/2018;NO;NO;Condiviso - Collabora disattivato
"Orologio da parete in stile ""yoga""";https://photos.google.com/share/AF1QipPvlpIRjXg-f8qOXjR7OBK0SjOkhcmy5UDUPTuQ5naaxKO9tNG9U06K4tNizN2JXw?key=Z0YwU2t1VGlpbU8xTUlxcDhKbnUyN3pOUXRYYXJR;https://photos.app.goo.gl/1kiscbnl3SFn8zCJ3;15/12/2017;17/12/2017;NO;NO;Condiviso - Collabora disattivato
Spiaggia e Saline di Cervia;https://photos.google.com/share/AF1QipNmqMYXiPm1wnKRQWiNkY0HmBOqLtFxvYh7MJ5IV3qhIuNXRLmfC14Hk0PthSrYEg?key=SllOMFBWd3BodmlFNDRlNFZtQmhIWFVtTS01a01B;https://photos.app.goo.gl/Fe3Y2j8XBZs8PUc83;14/10/2017;28/10/2017;NO;NO;Condiviso - Collabora disattivato
Domenica pomeriggio a Bologna;https://photos.google.com/album/AF1QipPiR2qHoAs7W7ZkOH5AZKp9vGV_M8w5D24ndaRR;;;;;NO;Non condiviso
Sardegna, Siena e Val d'Orcia 2017 (foto Manu);https://photos.google.com/album/AF1QipPmOg6hs24sg4GPdn6kBKie3UtV0d-uwhfNtPRN;;;;;NO;Non condiviso
Sardegna e Val d'Orcia settembre 2017;https://photos.google.com/share/AF1QipMZhGRGIfX6m6--Ab9iL3Godi3TKnb0_kGxE0tx0mDINQnUCuzsMGF2zjXHvFvCjQ?key=eUxGOUJkZ0phZlNmTXh3TURva3Y5YVVsS0tMVVpB;https://photos.app.goo.gl/FiTS8BiDAEBKsTgk1;26/08/2017;04/09/2017;;NO;Errore - switch Collabora non trovato
01-09-2017 Durban;https://photos.google.com/share/AF1QipP0eek3j3mPaqfWFfM-A-tKSUYoXa_XQRuf6VihWv-vdyKkDLHdYt0bocbr975gvA?key=WmRiREJZZnQySnRfdnpqbTZsVzlreEJHQXhVci1R;https://goo.gl/photos/K6PJuDfBdeDjyqjm7;01/09/2017;01/09/2017;;NO;Errore - switch Collabora non trovato
Bersntol Ring;https://photos.google.com/share/AF1QipPFFu_hIyKjCidfGgOyvkG_fko1l7ajdCD6YCQQw6salxY-EbC1BcCzc4Vig0IA4g?key=Mm1jMlpWQU4yQVJZQnBBWWF3Z05MTVZDMGw0UDhB;https://goo.gl/photos/D7emsxor61BKW5xaA;19/08/2017;20/08/2017;NO;NO;Condiviso - Collabora disattivato
Topo (2017.06.10);https://photos.google.com/share/AF1QipPwUWsfZuk2AgmPMTYgWww_8eyuWv7PhKlQ4PUXoHUjKkr6D2Vyr6Xon3lfGXckyQ?key=QnM0Zi1BVXZxekllZ1hfWnFsei1fZEkyemUzeEd3;https://goo.gl/photos/kWRG1Puxo7QFHyE87;10/06/2017;10/06/2017;NO;NO;Condiviso - Collabora disattivato
Mobile copertura subwoofer;https://photos.google.com/share/AF1QipOYDAxJ3ZBWHDlzWdcbmbTTP7QBmARsRiABp8xU-zDnlAp4hdfn9uWuLWIpbhWr9A?key=T1NSeFptZHI3WHFnUjlpblg3SmZOeG1NSmRxU2Z3;https://goo.gl/photos/5wEdY2ig2rLT5K7i9;03/06/2017;03/06/2017;NO;NO;Condiviso - Collabora disattivato
Giappone '17 - Narita;https://photos.google.com/share/AF1QipOSKQjF4Wp3dNvuK3LWM1gjFPd_dqUygyS-dWys3xkL5tdC98wsHCDkgj3wwtWYww?key=NXhMZy10dmgzYVlXYmZiOFRyajl3c3Fub1JGVk9R;https://goo.gl/photos/hV7EdAws1jiCxNM76;11/04/2017;12/04/2017;NO;NO;Condiviso - Collabora disattivato
Giappone '17 - Monte Takao e altro;https://photos.google.com/share/AF1QipNL1qeCo5400h2wg59bxyTqxpcS-010_ET4CuFlJ7M-6U74fwBZE5yS5Nr8AbKZ2A?key=MEVTSlVTSDV6VWFZOGpRZ2xCZmdEV2JKZkNLLUh3;https://goo.gl/photos/q1K1gxJAQ5a2ZK3K8;09/04/2017;10/04/2017;NO;NO;Condiviso - Collabora disattivato
Giappone '17 - Tokyo (Ueno e altro);https://photos.google.com/share/AF1QipO3686CX0CbpzqLa8_XpQXNVkN5Qr7Ck7EFc9_KHoTOvcoCmATvhqA97WWwHW0otQ?key=MEJsbjF1NldpN2dsMWljTWlsSFpUY3Q2dlktekxn;https://goo.gl/photos/yFnmeMmpaWpfN5ei7;07/04/2017;08/04/2017;NO;NO;Condiviso - Collabora disattivato
Giappone '17 - Kyoto (varie);https://photos.google.com/share/AF1QipNGirv5AvLCnNWc9mSq0B_n0frgBPe6RkqJWnd3E0FmYo2j5fPfqIaiQ69rtRhj5g?key=R1ZyMVA2Rmk0a2ZpODY2STN3S3VwM3NheVctd1V3;https://goo.gl/photos/ExpdnVyFjwksjMe49;06/04/2017;06/04/2017;NO;NO;Condiviso - Collabora disattivato
Giappone '17 - Nagomi visit;https://photos.google.com/album/AF1QipNEKnHV53FuGYbeWV38dGRK7OnxSAs52oOjzb5W;;;;;NO;Non condiviso
Giappone '17 - Higashiyama e Gion Shirakawa;https://photos.google.com/share/AF1QipMbD2Cr6E3h7CtQJT3Vvb1LuldAGC29DNHt7zCo1E5AD6VaqaPRQMACPUovGgdORg?key=MHBLZ052Z3IxeENkcWpjR1BoNmlRWjRUZ2szSGhn;https://goo.gl/photos/mBB8HWrT9WukrB9e7;05/04/2017;05/04/2017;NO;NO;Condiviso - Collabora disattivato
Giappone '17 - Tempio Byodoin, Nara, Higashiyama;https://photos.google.com/share/AF1QipM9MgdtMOAEPce2H9NOGA-lrJ_Il0OzZKEDelxA7hu49Od7hPvoAZ8JEpgoe1Odaw?key=azVJWG10di1qT1ZXSTVUcm9FVHdGeG9ETmVud0pn;https://goo.gl/photos/cwpmCgY7m3gmSPvY8;02/04/2017;04/04/2017;NO;NO;Condiviso - Collabora disattivato
Giappone '17 - Uji e Kyoto;https://photos.google.com/share/AF1QipOIUWMl-jYps1TbH8M5_rR4pK0KKDG8lu8ox4MDwF5HM4is7QrMF-uNtboefdMptg?key=WmgxTExBTFFYNF83amt4VXFJcVc4X2RxOEZDRDRB;https://goo.gl/photos/EEqNiy3721dwM6y2A;03/04/2017;03/04/2017;NO;NO;Condiviso - Collabora disattivato
Giappone '17 - Kyoto sud (Imaicho e Hasedera);https://photos.google.com/share/AF1QipMQ-xJS63Eib8_nDz7mCanVMZIOR2jGL7KDkcCz8zMJsTiFLFvmgo9an9zSWjfzQw?key=VmFOOVJIeVJUVmc0MkJ5eTZ4Wk9nRkZ4RThlc19B;https://goo.gl/photos/oFDRYkDCSUmSbkvx8;02/04/2017;02/04/2017;NO;NO;Condiviso - Collabora disattivato
Giappone '17 - Kyoto;https://photos.google.com/share/AF1QipPUB-oc7FDrhamkIbQL3S5eD-WnlLMcnh4HR_7K-wlITVK-j6HeEyi6KYEOd1pAZQ?key=ejU0dVlMME51UkdycW5ndndpS1VhN0NoV1lxRDZn;https://goo.gl/photos/G6rNCiAqNfuYS6xZ6;01/04/2017;01/04/2017;NO;NO;Condiviso - Collabora disattivato
Giappone '17 - Arrivo a Kyoto;https://photos.google.com/share/AF1QipNbSuv3fz08poAAPAD1hwOGZx4Oam6_pY4itiYg0ADsG9dei8I_y6QxFwt3lxZNzg?key=ZXJfbGUyOVd0RWcwR0d4YUwyUHRtRjBWdVd4TExn;https://goo.gl/photos/3uiGzgYfgF6U7UNm7;31/03/2017;31/03/2017;NO;NO;Condiviso - Collabora disattivato
Giappone '17 - Koyasan;https://photos.google.com/share/AF1QipMH9A_7FUttIbWYaLko6IRHJYFEnGJhSjAeco0xCl0tcqQTrzSZ1HERVE8FepQv-Q?key=bEptbEp6NzY1UjZqTHNSTkttenBFd3JrTWd2VDhn;https://goo.gl/photos/9nCb3YhkcgfmZQSk9;30/03/2017;30/03/2017;NO;NO;Condiviso - Collabora disattivato
Giappone '17 - Yutoku Inari Shrine, Nagasaki;https://photos.google.com/share/AF1QipM2AvkerE91owAjz0mQSV4L_O2eL9_NIz4ClknpB1o4shfqsSO6wz5ZX2NcAskxZg?key=VUJXekZJekFGSGJNb2pLQlV3VldaOU9pMXR2c3F3;https://goo.gl/photos/twP4xygY1iWcp6fE6;29/03/2017;29/03/2017;NO;NO;Condiviso - Collabora disattivato
Giappone '17 - Sakurajima;https://photos.google.com/share/AF1QipNsjG0hT-eTVZZdaNBssXxxIqAVz7VDt_nXnWFajg2nre15B67F9gqyBUlYmTtA0Q?key=U3h6ck1tNUNwdzVUMkx3VGlqbFhvNVpkRExfOTV3;https://goo.gl/photos/JnDtLQYjbHmFwWYw7;28/03/2017;28/03/2017;NO;NO;Condiviso - Collabora disattivato
"Giappone '17 - Gli ""inferni"" di Beppu";https://photos.google.com/share/AF1QipOcY8YGft6Hj_5nV1z0eCojDEqfQA-3d878ucN8-HzlXtH4fX2UGDvcNDnrOXsmsQ?key=T0RCLUVhLTlKUXZYM0MwSHNSaVNwTTNTZFRPclhR;https://goo.gl/photos/2dhyk1hpwTeyd58F7;27/03/2017;27/03/2017;NO;NO;Condiviso - Collabora disattivato
Giappone '17 - Daizafu Temple e Fukuoka;https://photos.google.com/share/AF1QipPQFvWZiGVeWFSJm7uoDja2KCLk3ZKGP4VSO4QGYF1ZYLEokSdia7epiKeW81iaqQ?key=Z2xUV2JJUndmYndJWEpKbnVRcE5wM1JNYjhOSTdn;https://goo.gl/photos/iJnx1z3iNT8N4omZ8;26/03/2017;26/03/2017;NO;NO;Condiviso - Collabora disattivato
Giappone '17 - Miyajima;https://photos.google.com/share/AF1QipNm-ZoboRS6dIABMBlxvdyWn6w6dsYEHUhG1wnst1nfg1HR_Zp2s0p0TNO8XVXuaw?key=akZZUVBnempTSGpHY0xaSV90QW1OSzFTM1dVNHBR;https://goo.gl/photos/5GyMiRExJgCKu8Ru5;24/03/2017;25/03/2017;NO;NO;Condiviso - Collabora disattivato
Giappone '17 - Shimokitazawa, Kichijoji, Ghibli museum;https://photos.google.com/share/AF1QipOxUhRT5NPfjhof1rkyKIV5_qOLcZUCIFM9ViD5etmxHQ9Vx6zrcpN43PAqM_eRrw?key=THJJakZGNS1oRml2YTltVnY0YmtGY0lMcFRrbHdB;https://goo.gl/photos/bYkJexMP2SGraiC26;23/03/2017;24/03/2017;NO;NO;Condiviso - Collabora disattivato
Giappone '17 - Arrivo a Tokyo;https://photos.google.com/share/AF1QipOcNqKTEhfHWO7hC0ZdwUM43LHqxgKaE4OpxT0HkUqD6CG6OXz74-EwPf27IoCvXQ?key=MUVKOGhfZ2VJMFZ4YU84dzQ2NS1zOU9ZN29NTW9n;https://goo.gl/photos/JcqTE96a7bXqVSuz6;22/03/2017;23/03/2017;NO;NO;Condiviso - Collabora disattivato
Kekkonsuru;https://photos.google.com/share/AF1QipNz2FmGdxnjUWFCvLQv1Rcb47z7cE7QbP48sTswhyYTgyQ7goI-0Ou9MFAJiIQxXw?key=QU5uYTNVSFp3YlpQMF93TlFKcWpZSFROd1g4MDFB;https://goo.gl/photos/7RrJE7Z9LAYhAeQr8;16/03/2017;16/03/2017;NO;NO;Condiviso - Collabora disattivato
Weekend a Roma;https://photos.google.com/album/AF1QipOedr65b3EGdoOSHlfmUCeqH0OTmLvKt9RpJ5ST;;;;;NO;Non condiviso
Lampadario Shoji 2;https://photos.google.com/share/AF1QipMS-Pm-OUd7cMTS0vX4io_7rL5-nvMBiK2LbOqe8HfrcbvfJUVtN0x54r6nmijGkw?key=RTZTVG1Jb1h0S3hHZzZ1NVlfWjhFSzNuMG8zOXRB;https://photos.app.goo.gl/4ZJZFNdEbQusB8vv2;08/01/2017;08/01/2017;NO;NO;Condiviso - Collabora disattivato
Visita alla Rocchetta Mattei;https://photos.google.com/share/AF1QipNP32tvRi8ogVBalWeH7iJ00KPx_fA0dbxpXvXroy7SV8QQYVI4U2NBoOdiMKgf1w?key=SEdmcmlqakNUa0N4aExXc2RRVmZxeU12TC03V3FR;https://goo.gl/photos/4MGxGrw1gCsHbM5M8;12/11/2016;12/11/2016;NO;NO;Condiviso - Collabora disattivato
Weekend a San Michele all'Adige;https://photos.google.com/share/AF1QipOfbfOgmZzyz9zhUX4mkE90HU-NEucWqsG1f4uvBGBbBNumFuJfArbBhv1aRNTKdA?key=Y0ktanAwcFZWNHNnc1NuTko2MFRhWG53WUV3b1Rn;https://goo.gl/photos/YsXcazbeJzGS53J89;29/10/2016;30/10/2016;NO;NO;Condiviso - Collabora disattivato
Hawaii '16 - Ultimo giorno (Mauna Kea e ritorno);https://photos.google.com/share/AF1QipPb4A2gGCk0xpK0Hyeh_v_kkrReoIAiAvsW761lUD7rJ6pvIRbHqZDDkRwVQELL_Q?key=cFNlMHVMM05ScjgzWnNPajZjUXktTmVaTzgzVm1R;https://goo.gl/photos/TzJpzykQf4SiLi8PA;10/09/2016;12/09/2016;NO;NO;Condiviso - Collabora disattivato
Hawaii '16 - Pu'uhonua o Honaunau;https://photos.google.com/share/AF1QipNLhOSn4R-7TVcsOc5UipqFZNIK-8ExzKZTxV7cqj-5p941hAsVrtwzWAkEsSiwHA?key=NWtPb3VOakVKSnFlZlRjemFXS0xiMUpNcnRjUlVR;https://goo.gl/photos/TNi2WVMZ5xzePiJs8;09/09/2016;09/09/2016;NO;NO;Condiviso - Collabora disattivato
Hawaii '16 - North-west Hawaii;https://photos.google.com/share/AF1QipPOkMzjHTFSMyHXqVGCIilQ6O5_BDURUbUZFGXxXmSNPX2nIN_9H6RUM2SFVj-6Kg?key=R3dQd0VVWno2XzhjcDE1U3Q3ZTFOTmFTX2E1VmJ3;https://goo.gl/photos/JM3Ug9gVrdrfD1QM9;08/09/2016;08/09/2016;NO;NO;Condiviso - Collabora disattivato
Hawaii '16 - Big Island in elicottero;https://photos.google.com/share/AF1QipM8zQATUigSI6cRAH0jABZqU6ZqAFXsyUu21p-84pInzjgYiGRKt0LloRb_07diqw?key=ck5YMW93bFhPbGxZTDNGZjFDYXNWdTdCaXNsZjVB;https://goo.gl/photos/19Yeud72YZ88DVkN6;07/09/2016;07/09/2016;NO;NO;Condiviso - Collabora disattivato
Hawaii '16 - Volcano National Park;https://photos.google.com/share/AF1QipNURbiVv5zUW78VVAFciE-DqrkyKBX17qnexFmMXfXhSzToG0RxJFIqcKRtXzk7MQ?key=S1lTZXNPVmJjZTljS2VZRlFyOXZ6T3NYcmF6Q1lR;https://goo.gl/photos/3nXnU8iuZFbMMa4q8;06/09/2016;07/09/2016;NO;NO;Condiviso - Collabora disattivato
Hawaii '16 - Arrivo a Big Island, Kona;https://photos.google.com/share/AF1QipNmgPaZFTTF1K8vUgQwk8fhzkyrASU7n25HsFRPSM9of9xE83YOt3qle3sMjFj40A?key=enFDX1AzdWF5ZVp0Wk90dTVQWHg4Y0xPdkEzb2Jn;https://goo.gl/photos/yM35uAYMyPuLyT766;05/09/2016;06/09/2016;NO;NO;Condiviso - Collabora disattivato
Hawaii '16 - Haleakala, Iao Valley;https://photos.google.com/share/AF1QipOD3XoxfPMhhDqArFJcTj6nbXnaPriLSeVQxXHBt4rDAH8khR_v25QiMrAtEaTWfQ?key=S1NzVGx4NDM5UjhCZ2UydDVyeWJjTk5yM1pxRzFB;https://goo.gl/photos/GLybsESBKeMyeBmq7;04/09/2016;05/09/2016;NO;NO;Condiviso - Collabora disattivato
Hawaii '16 - Makena, Kapalua;https://photos.google.com/share/AF1QipMBuCazZnIehLOS8iLGEa1WtyOLNGHTOhqfl_Dcjm_F4-zpAmOs4nodJ27l4HU28A?key=enVqQVFMSDl0SEl5aVd1M2FQejMxSGcxdW9sVGxn;https://goo.gl/photos/m2tTNCaRswwzzSuW7;03/09/2016;04/09/2016;NO;NO;Condiviso - Collabora disattivato
Hawaii '16 - The road to Hana;https://photos.google.com/share/AF1QipMeLRhfeZokI0jiU1nfqGAHQY2i9SNxDrElfDLQr9SK9km0bus75srSJRZ3IJbEDg?key=WktOXy11c2hBdlpFdmNLaW9IN1c4bzByYjI2S253;https://goo.gl/photos/Q64h5SwQY79MS9xh6;02/09/2016;03/09/2016;NO;NO;Condiviso - Collabora disattivato
Hawaii '16 - Arrivo a Maui, Lahaina;https://photos.google.com/share/AF1QipN3WuW5HcprqGHrNGLTeMpJ969hdQo2kZxq2Z1PI8FvNHTtjSLjkwYlEHWhSgNDdA?key=RUhkWW50UVFOa05oSHd4UTdFZ1ZZeGI4SC16VFl3;https://goo.gl/photos/JdCqsVJrEtaueYmQ8;02/09/2016;02/09/2016;NO;NO;Condiviso - Collabora disattivato
Hawaii '16 - Kauai South Shore, Kilauea Lighthouse;https://photos.google.com/share/AF1QipPW9kfa9UVO7PJlGoEtDlhLL-1ZRZ5FnT9MxbA5ozzGGVutrfyFbBgCOEac34NZNg?key=enBUQzZ0R3ZlWVhxanhUMUkyM3BhdUQ5UTFXTTh3;https://goo.gl/photos/QkfZ8KQ1idDfWWDf9;31/08/2016;01/09/2016;NO;NO;Condiviso - Collabora disattivato
Hawaii '16 - Waimea Canyon, Salt Pond Beach;https://photos.google.com/share/AF1QipPkb6u2d7iHD1GPks9noouQJVZTc3dqHWoT-8WObId3VpdnfIG2fb6CHFeN5eC8kA?key=QlBVeFg5QnlWemRtVmplcmVZRUw4NFRJdUZTYnhn;https://goo.gl/photos/A7iX64sxPqZa1Dmw6;30/08/2016;31/08/2016;NO;NO;Condiviso - Collabora disattivato
Hawaii '16 - Kauai North Shore e volo in elicottero;https://photos.google.com/share/AF1QipPCBH62pKrPFM4QpjD8OPeruQvWNs6iUcXi7UL_AonCKBoeTB8BltCuMFstyTIXMw?key=UG9qZWZUM09Bb3RELV9xUWs0UERYM0dtQmd2T2lB;https://goo.gl/photos/vHxwfQe8TuDoVb8x9;29/08/2016;30/08/2016;NO;NO;Condiviso - Collabora disattivato
Hawaii '16 - Kailua Beach, Waikiki;https://photos.google.com/share/AF1QipNgjZrX-NWp6PlPtUaQ7ENVXIg4wd0kINroVOA7Qa3t3H7rRnTEhOz2F2gPq5_AcA?key=WEFfOVJxOFoxSEtLWVN3c2F4OEFmdUw5NEhYVHdn;https://goo.gl/photos/8xVToCdwsN4DwvVc6;03/01/2010;28/08/2016;NO;NO;Condiviso - Collabora disattivato
Hawaii '16 - Diamond Head, Hanauma Bay, Waikiki;https://photos.google.com/share/AF1QipNTzAkPHYzZ3gKKMJIQIdYPB8-DC1zGcB7wDLIUA4v3r4O97rUBVHBYfDWEX7sj2w?key=eEhrQ25tTHpsd2lleEZVTkJNWjZtV2sycGRvTUF3;https://goo.gl/photos/C34tjUzazvM1HQja6;26/08/2016;27/08/2016;NO;NO;Condiviso - Collabora disattivato
Hawaii '16 - In volo e arrivo;https://photos.google.com/share/AF1QipOvzBE8IjUHAeL_k0AiFp7C1n0-aNNs2Ue5Mg1BiF5mUqiCB8we8USdXpaXdrmoEA?key=WjM0SkZfOTMtXzJldWlJQXRPWDdaZVBXSGxTa2dR;https://goo.gl/photos/kTybYCqnHt42VqDU7;25/08/2016;26/08/2016;NO;NO;Condiviso - Collabora disattivato
Foto Bizzo/Manu;https://photos.google.com/share/AF1QipNYE2LEX0Wxilnlhn94yKBNM3e3ow4Kk7c3H0qDfXFexqndhfGUo16yGFSd9yg7qg?key=d2tyNlQ4djVCZ2VOQm9qTFZHT0NGU0ZHdlE5N0Zn;https://goo.gl/photos/L1PhsjDBeC1GUhYF6;19/02/2016;08/07/2016;NO;NO;Condiviso - Collabora disattivato
Innsbruck e Baviera (Romantische Straße);https://photos.google.com/share/AF1QipNQ5VRVUdqe5dY_MAF5ft31RCLICwzM45sy05YspXMnXDsEHX7bMdK81vb7e5S6AA?key=WlJPaGZkTE5FY0x2eFkxQlFHaVNZRVV3TzF4YUdn;https://goo.gl/photos/bUVibcmvttqAxubD6;22/06/2016;25/06/2016;NO;NO;Condiviso - Collabora disattivato
Foto e video per Vale;https://photos.google.com/share/AF1QipO99jzR8fYL8wxQ6bu3fSToPs-hqYgVoRHlIGrRg4rfQ8CaHXUqUxY_BwKKPl_dBQ?key=X010UHRNQlktRzRRY05OSHFIaGVTOG1VQ2VLa0hB;https://goo.gl/photos/buvu1dKMHwbMXXha9;21/05/2016;21/05/2016;NO;NO;Condiviso - Collabora disattivato
Riparazione chitarra Alice;https://photos.google.com/share/AF1QipOX61zA48PsE9GW55wHtQNA3K2B9RciAUX_YiPAy1TbX-mHPyqXELSLU911vY8meg?key=d05SM1hpOFlKVVZoVUl4Ujhlbm5FQjZkeFU2QWZn;https://goo.gl/photos/hMkwbfSmcQXQ72Gm8;14/05/2016;14/05/2016;NO;NO;Condiviso - Collabora disattivato
Venerdì a Treviso;https://photos.google.com/album/AF1QipMgcG1r9UOqoZnx2OVvFIYai56XW5eE3MECrRer;;;;;NO;Non condiviso
Martedì sera a Marina di Ravenna;https://photos.google.com/album/AF1QipOjCnAU85Y8XKv5BZFbXbiwAMYiMdC5nLXgw1_O;;;;;NO;Non condiviso
2016.04.10 - Pranzo a TV, compleanno Ale;https://photos.google.com/share/AF1QipNmzvOfEEqquMMTe5spaedYAcQXomonaLfWOrURr1H1VzCKUi9zxP-RFwMK4Su7eQ?key=SDhacXF0LXU1ZTNKT0p1cVYzT3loWmoxQV9pSGxB;https://goo.gl/photos/UMEuAYzEGDYHiee99;10/04/2016;10/04/2016;NO;NO;Condiviso - Collabora disattivato
"2016.03.20 - Gita a Parma (visita mostra ""Giappone segreto"")";https://photos.google.com/share/AF1QipOASOWU-j2igqg-5zi8ThCvSszMItUfHyFC5-JPUeyeUxi3cIZ3wM9043hDJK6MHg?key=YnR6VFlJMDUtb1FSZDRiaHp0VXZjSzFWWWJVQ01R;https://goo.gl/photos/PPUZdu2vi7U3oSUZ9;20/03/2016;20/03/2016;NO;NO;Condiviso - Collabora disattivato
Pina & Luna;https://photos.google.com/share/AF1QipN3YH755IVgtoqiWKBbbpKB25CMc-vD2RanRqomGBAwwleHHNM3DiEkTwA1Ixrr3w?key=TWVJRXIyRGRsUTZOcmo0LWxnT3Q0S3BsMmpkQ2RR;https://goo.gl/photos/gaJs9EyEHgd7q1TN6;12/03/2016;12/03/2016;NO;NO;Condiviso - Collabora disattivato
2016-01-18 (Pomeriggio soleggiato nei dintorni di casa);https://photos.google.com/share/AF1QipPobIgVo5M387DelVdvvz41P_WoMHtLVSCDauoDTo4QAKShiMcA3lGKYVsTMqBulw?key=RDVjTnFsdm96YlVYdGxPd1JaYWRud1F2cTZiMlpB;https://goo.gl/photos/xgxX4faBgu87xEpq8;18/01/2016;18/01/2016;NO;NO;Condiviso - Collabora disattivato
Olanda '15;https://photos.google.com/share/AF1QipNzZYN8Xjo2LyQcTf9OCNf4GbNc-A1xW7Fj7GDFZT9i-yBfDdv07ssp3IY8EIykxw?key=MWdXZTlHSjFmNHlQZXdYSDNkRTZleFlXZF9MSzd3;https://goo.gl/photos/2Vht7qxcaxcdySFM6;29/08/2015;04/09/2015;NO;NO;Condiviso - Collabora disattivato
Olanda '15;https://photos.google.com/share/AF1QipP6DDLlt0ze1r2G8hsXF-wng_dyHrabClXKXeI1OWJ3N2KLu_QAHYfx83ceWYywtw?key=bUVVMmpHM1BOaGd1TjhualZTV0xUMVM5eTZ2UXZR;https://goo.gl/photos/yMMRwFmsRemiB5FF6;29/08/2015;04/09/2015;NO;NO;Condiviso - Collabora disattivato
Giappone '15 - 20 (Ueno);https://photos.google.com/share/AF1QipMjMtUKXpKmxdkhdh9N4h0F3AnzekbnN3W7VzTxpkXNE23jeQcP4DFO1djq-5nnqg?key=azJXTm5vOUVzZkVqNXAxZFl3U2szQ29kYld6MTVB;https://photos.app.goo.gl/wvKA5aax2h6ccaU69;03/06/2015;04/06/2015;NO;NO;Condiviso - Collabora disattivato
Viaggio a: Giappone;https://photos.google.com/album/AF1QipOgXV8kr8XCRPmdPJ0592Vste-ElEE-7DQgcIua;;;;;NO;Non condiviso
Giappone '15 - 19 (Hakone);https://photos.google.com/share/AF1QipMyuXWKYNA56hOoBXiKAvDNidsbVpmNB6dCOXBagZhU5oSvOxoBF70wtsOIVMNh7Q?key=RkhkU2JkdmNFc3ZZbVpSZHdoTVdxSE5vcHVrRC1n;https://photos.app.goo.gl/GB78E6yQgefzMguq6;02/06/2015;02/06/2015;NO;NO;Condiviso - Collabora disattivato
Giappone '15 - 18 (Kawaguchiko, Mount Fuji);https://photos.google.com/share/AF1QipNRoTiNOsDJGWRIMH2b1ncbqQlm6TSsRgms90L3vALiOuTJemkBDDVEQS5-sipI_g?key=QUZQbnlSOHZvbEdZMmtIa1I5eFBwNDhFQW1HQlJB;https://photos.app.goo.gl/mRV3LXfGdLjHX7fR6;31/05/2015;31/05/2015;NO;NO;Condiviso - Collabora disattivato
Giappone '15 - 17 (Kawaguchiko, Mount Fuji);https://photos.google.com/share/AF1QipOm2WREvy-wFj3avdFatvTMaOOLVsROoFeLRlHmsygoYRpFsTLgLHBzlvHbQRXcRA?key=T0FldGN5ZUlCa0J0dkI3ZlRVVXJUOTRnbUF4NHNn;https://photos.app.goo.gl/uhwT1iU66ddGcQay7;30/05/2015;30/05/2015;NO;NO;Condiviso - Collabora disattivato
Giappone '15 - 16 (Matsushiro, Nagano);https://photos.google.com/share/AF1QipPNykPLcntYRB4F3z4ZPazsFqrV-hagVRBMUST9Amm0ozaKG9wz8RHooI7BjKqxdg?key=anowOW5ackJZWkEwNXFXZjhKczlWY0JLeEpFMlZ3;https://photos.app.goo.gl/zayhchHfdqoWA4uCA;29/05/2015;29/05/2015;NO;NO;Condiviso - Collabora disattivato
Giappone '15 - 15 (Togakushi, Nagano);https://photos.google.com/share/AF1QipOnx5X9GVRDZbUosZfJXsP-ZYTEHlrjYZI9BLe9GhrnxS6bUyTQwZxPmQcNpL2U0Q?key=UmpYNEN1TzVoMkNSd0hwaHZsNDJtRUZZLWpwRGdR;https://photos.app.goo.gl/gUnedX1bkPcDqJsV8;28/05/2015;28/05/2015;NO;NO;Condiviso - Collabora disattivato
Giappone '15 - 14 (Onioshidashien, Nagano);https://photos.google.com/share/AF1QipP7uixnogGlXG8jUyT_fT98U75urTe7fDT6ZPXq1GHG8TYL2dfo8dVWhxdNDZsOFw?key=Nlh3STJadGRhSlp2all4bFBUYkNGWHdERGI1d3dB;https://photos.app.goo.gl/HbHumLVCqPdW2ms59;27/05/2015;27/05/2015;NO;NO;Condiviso - Collabora disattivato
Giappone '15 - 13 (Nagano, Obuse);https://photos.google.com/share/AF1QipPAL53EZJk2WFqpkHwIwNpOrPKY3-VvfUOWQQO1l8piaLwTlnUzA21OKAG2SkbIMA?key=SGdHcDFGNWdqTjJGQTdRaFlPZVFfd1d3QnQ5NXZB;https://photos.app.goo.gl/YmFFQkmsWcmGapNo9;26/05/2015;26/05/2015;NO;NO;Condiviso - Collabora disattivato
Giappone '15 - 12 (Matsumoto);https://photos.google.com/share/AF1QipPHexAPoCI1LCw0QEoef1OQILcNKeoe-CftKTykeO1BWaYso481tqTm_i4Y-lS0LA?key=cFVOZFp3MGFPYWZvOWFoRjVpd0ZyOFduS1VBXzNR;https://photos.app.goo.gl/zHWKk5wRuYDT59xc9;25/05/2015;25/05/2015;NO;NO;Condiviso - Collabora disattivato
Giappone '15 - 11 (Nakasendo, Tsumago);https://photos.google.com/share/AF1QipMDrNLlqmHRvu4SsMr3stkxU7j8Yp6MYcqo2_R1kIApfCKWiHwYNgLm_sIsbbeRFw?key=dUU2OVE0ajlqSWN0VnYzaEtWMkZXME9LRDZSWlZn;https://photos.app.goo.gl/mE77Mqj5RvoV5XTU7;24/05/2015;24/05/2015;NO;NO;Condiviso - Collabora disattivato
Giappone '15 - 10 (Magome);https://photos.google.com/share/AF1QipMeJYwnnmQPAtAawQihrYfdWyrVUkhOEx-Ic_HTK1tB2gwcZSB-lfh8hx8G5v0q4A?key=UVlxcVZicjlrVjJMZVJWZm5WamJxd3U4N1YwM0NB;https://photos.app.goo.gl/15XcCvxaCNpBHjjL8;23/05/2015;23/05/2015;NO;NO;Condiviso - Collabora disattivato
Giappone '15 - 09 (Kyoto);https://photos.google.com/share/AF1QipMrCSU4zYB2wx-8Y7rDbYPbcaeL_AiTMZsX8w1O0YxWlMMrf0OwWXdWQL2zZX31UQ?key=Z3hXeEFFNVZ4R2ZvRTdfTml4OTFBYlpGWkVGWUlB;https://photos.app.goo.gl/SriuhXF1u4zDs9Sr6;22/05/2015;22/05/2015;NO;NO;Condiviso - Collabora disattivato
Giappone '15 - 08 (Rokkosan, Kobe, Gion);https://photos.google.com/share/AF1QipNULpfxXecvIjYGrA9JiMPmBfB9jhX5nVx0igqftBjxiaKSFomX72uI40QfIz3hYw?key=TUQ4WnFIa3FQMUZQeFZqUTNwYWphLUY2emsyUVBR;https://photos.app.goo.gl/bueQ9yvUwc1Jh4W56;21/05/2015;21/05/2015;NO;NO;Condiviso - Collabora disattivato
Giappone '15 - 07 (Kyoto nord);https://photos.google.com/share/AF1QipOnwNrVjLyJV7nMVU6P6QWtMynvUuNc47nFpLxGiHy4yfr9ugyi8ZP6Iwss_HrckQ?key=VTZ2MWhfdmJwd0JtT2IwVW1iYXBwdmZKOHpSQzdn;https://photos.app.goo.gl/noSeUxH58KbCnDAr5;20/05/2015;20/05/2015;NO;NO;Condiviso - Collabora disattivato
Giappone '13 - Onomichi & Bitchu-Takahashi;https://photos.google.com/share/AF1QipOxJ_i1M8dZZCwIqgHXhKPEs-ZScbY3iTwtjyBfgNL9FmX7FJ4bi3JKw1OcQ1LKXw?key=d3hhWXRnRFMxckVlU2t6RWxSNkxHeVEyWHNGLUJR;https://photos.app.goo.gl/4DtPwZqZs8QFf31S7;08/10/2013;08/10/2013;NO;NO;Condiviso - Collabora disattivato
Giappone '13 - Kurashiki;https://photos.google.com/share/AF1QipOMLYI7bl0FXyO92YIR9SYenLyq9O_CuLOPnr7IRVhLv6uz0oR3kPwn175Ah3HvKA?key=eFJCUk9jU3NhSDM1U0s4b1FZNWI5b3laOFBpbmt3;https://photos.app.goo.gl/H3VngwjwBJhNEnAC6;07/10/2013;07/10/2013;NO;NO;Condiviso - Collabora disattivato
Giappone '13 - Tairyuji Temple & Tokushima;https://photos.google.com/share/AF1QipOWo2mXMMfVmPuTui1B3wsp25DI17c9UNImA5YagbPHDadwTfV_w-cWGQhbtVeuVg?key=YUE5SlhudnpXaGFxaWxyU3F1eEhWUG1OSi1oNWpn;https://photos.app.goo.gl/gAWgt2s1nxTBrAjh9;06/10/2013;06/10/2013;NO;NO;Condiviso - Collabora disattivato
Giappone '13 - Naruto & Tokushima;https://photos.google.com/share/AF1QipO8RpvQlZ7sSQLQEULE0b-1n9TIPhbUpYE8bBXT8HmOX-OJEnz_ah7TQBQllQe15A?key=VzAyQWpqZVAxdVAwWVIzcy1RZzRfdzczbmQ3djZR;https://photos.app.goo.gl/RnUHDNShikkBvcwZ9;05/10/2013;05/10/2013;NO;NO;Condiviso - Collabora disattivato
Giappone '13 - Kotohira & Yashima Peninsula;https://photos.google.com/share/AF1QipMSpqVo_soM24Sik0XBX-Rl4orJF8L_eARDNgDH2dukZn-36kbY712v24V-lkHWBA?key=cGhaY0lUZFQ2N0djdTZ5OU1rMnNuUlZ2ZXdINVJB;https://photos.app.goo.gl/jYKZT3Ej546mJf747;04/10/2013;04/10/2013;NO;NO;Condiviso - Collabora disattivato
Giappone '13 - Iya Valley - Oboke gorge;https://photos.google.com/share/AF1QipMaQL1O2_WLcVKQps4IoLFlQXwXaYQsNrp01k42vI0ofQET4ftH0TulkBFHaeJ3XA?key=Z0FFVUEyeEhXOWl1cm91QTNicUhIY1RjNW1UcWdn;https://photos.app.goo.gl/xwoMrXyBjHJ5ot6w7;03/10/2013;03/10/2013;NO;NO;Condiviso - Collabora disattivato
Giappone '13 - Takamatsu;https://photos.google.com/share/AF1QipPizTdtfmkgSCJdnzbfffsjeI9a4new-hutYpkJD9YA4DA1HfAij8F3i596_0gExw?key=cjhET2dBSTZJaGxKMEctVWNGeUtqQ243cHNaV3l3;https://photos.app.goo.gl/AEuavWdRUA2UH7Qh8;02/10/2013;02/10/2013;NO;NO;Condiviso - Collabora disattivato
Giappone '13 - Setagaya & Tokyo;https://photos.google.com/share/AF1QipPQeSA_zgZDTAaXvFzjdoYHUzxEy-etrhEl7MtZAE1LlQ-3lg6RABdV842dWPSFbA?key=OXJEQVd5bnRLR0lQZENuYTF5MnV0OXVTRHdVS01n;https://photos.app.goo.gl/dsFUFEL15SfB5sPi6;01/10/2013;01/10/2013;NO;NO;Condiviso - Collabora disattivato
Giappone '13 - Kawagoe & Tokyo;https://photos.google.com/share/AF1QipO8fDeOPTRDQt1hREwEtxeXgBzbbYd5smacSjdSweqZMocdxUbdeaSfsAC6vFOHVw?key=ZDRJQzIzVzlPOHhlWmZMX3ZVS3Q1Z3gzUzRLS0Jn;https://photos.app.goo.gl/N5L5admAvU8UzxyC8;30/09/2013;30/09/2013;NO;NO;Condiviso - Collabora disattivato
Giappone '13 - Tokyo;https://photos.google.com/share/AF1QipMQOwqd7gSGcIP_3t9fPu-4YWm_o46qc7Pbr8nuc7BumcIDXwMBb29Q4GnH4Na5VQ?key=ZlVqaWZsUEV3MXVjLWdnZy1WWTJ3X2N2QUNFZnJ3;https://photos.app.goo.gl/aCvVud7DhtNcJcgc9;28/09/2013;29/09/2013;NO;NO;Condiviso - Collabora disattivato
Bretagna 2013;https://photos.google.com/share/AF1QipNs46_Frfxnjtp8YOR-B8kvfjXwmJoM-1QN8aZFZu9cpkUiFrMKcAf4ybj1n37xDQ?key=LUp0UjIwaW0zSHhNRzhLcXZPVkZSM0ZjeWVBcUR3;https://photos.app.goo.gl/r3sMgp5kpU8KP98b9;28/07/2013;02/08/2013;NO;NO;Condiviso - Collabora disattivato
Honda XL 600 RM;https://photos.google.com/share/AF1QipNDpAHjoxwq-Rl7YE7RIfurxBeCOmQuQkbdLzufZ9G4SXPxZpnRQsc5lhAWGLvvmA?key=TURJcWw4SkY2NU9JU3JTdHJkbE1xTXMwNG80VXZR;https://goo.gl/photos/2xifT6thE2syGv1L8;28/05/2013;20/06/2013;NO;NO;Condiviso - Collabora disattivato
Versamento olio;https://photos.google.com/album/AF1QipPqt_DtfWrPrYUtOECrjUcr_gbKe8zjIe48QESS;;;;;NO;Non condiviso
Sabato a Firenze;https://photos.google.com/album/AF1QipOUl-4Xu_8Ni0JVf6nAKXCGcwPUsISz3d1amiS5;;;;;NO;Non condiviso
Cina 2012 - 17 - Shanghai;https://photos.google.com/share/AF1QipM4bSE8t5GUTuHnTfMG4MGmvmaHIe9Xd0kQmy_NggBBe5_WUhC01Ehk51DF6Wc01w?key=enpUek5MZWt0Y0N4dFBPQ3Rmb291dmxaUDc4b0NB;https://photos.app.goo.gl/LsXeKufjVJRLodKBA;17/09/2012;18/09/2012;NO;NO;Condiviso - Collabora disattivato
Cina 2012 - 16 - Guilin 2;https://photos.google.com/share/AF1QipMi4uwv4krwbgN9SHuDfHmI8UTtVpUusWjAIHmvxI1EoPiXZnoeYe-dEnkGzUBruQ?key=NEx4WFlJWjloNTJGQk5oR0E0WDVfdEhMNUxLTTZ3;https://photos.app.goo.gl/3sf4vcMvDS5NPhRL8;16/09/2012;16/09/2012;NO;NO;Condiviso - Collabora disattivato
Cina 2012 - 15 - Guilin;https://photos.google.com/share/AF1QipNnr5CKECeG5Ehas9t5wUVb23eAav6AIpKCkyNEjYu0HHEH8rWYg9dz-jv1PiVy6Q?key=dldFVnVJeHVoYXZFa2IxWDd6RXJrcWR2aVMyTWNn;https://photos.app.goo.gl/XrkfKxCh5ufoSTpQ8;15/09/2012;15/09/2012;NO;NO;Condiviso - Collabora disattivato
Cina 2012 - 14 - Kunming 3 (Colline Occidentali);https://photos.google.com/share/AF1QipPC4gRtVnht2sna3VI1037xMeVg6SEurMvrKiRndPKOB8t5ZRNnLhuo0UrWX79tew?key=b2lTT0lnMVo5ejliY3BmSGZ6Y0dkYnhtaU5MSTR3;https://photos.app.goo.gl/41Vpim2cbabU7qBM6;14/09/2012;14/09/2012;NO;NO;Condiviso - Collabora disattivato
Cina 2012 - 13 - Kunming 2;https://photos.google.com/share/AF1QipN80D_IoXrvrZpR7efLUnPybFCqWdhb4_lXr3_JQFf5j9g3cPHQ6C7HN0KDRdAVlg?key=YmkwM2p6S1VZbHZud2RaM2tNdmFrMWtQSVZJMklR;https://photos.app.goo.gl/vZec47AHGUczjXw26;13/09/2012;13/09/2012;NO;NO;Condiviso - Collabora disattivato
Cina 2012 - 12 - Kunming;https://photos.google.com/share/AF1QipO8AupdpAEgheSU3U5LZWlRSf1yZi-Afkr1BYgGB9m1FNi1OTbKjqUvjdU38SHCwg?key=YjF0ZkFMam5xaWdNMEVvMDFrM2tUVUxBOTV2MnR3;https://photos.app.goo.gl/CfQZe15FUyqoAeHo8;12/09/2012;12/09/2012;NO;NO;Condiviso - Collabora disattivato
Cina 2012 - 11 - Dali;https://photos.google.com/share/AF1QipNmMFQVcxoUVMN-oZ3j4hORl1y8DKqFKXh1APlkDdlqIHmqAgpcDB1ARbVlK8Mm1g?key=bnlBMDdOMlgzRVQwNXE4b0ZSQi1xQ1JmOXM5SzFB;https://photos.app.goo.gl/hC4ZKVANY4bqy2xT8;11/09/2012;11/09/2012;NO;NO;Condiviso - Collabora disattivato
Cina 2012 - 10 - Lijiang 2;https://photos.google.com/share/AF1QipPMQpWJRmviHA4_pz9BQJ6lM0FlEOVassLcG1zsRQtk2sgvD_abv49YdISgVL6lHg?key=SENCa213YVptcDN1VS1qX2htOVFTOGtrTjlVZmJn;https://photos.app.goo.gl/wKNUqaf63251zpBUA;09/09/2012;10/09/2012;NO;NO;Condiviso - Collabora disattivato
Cina 2012 - 09 - Lijiang;https://photos.google.com/share/AF1QipPI7kz1rj9EO8GUyxgLIMs8OnOSZnhq9kKTY4YRAMGQFUlC3_xJk71ntM3PtmlmMg?key=RUtvTkQ3TlUtX2JMN3VtS0FiNUdRTU83VUVIcWNn;https://photos.app.goo.gl/j5jSVUBprr67D2XXA;09/09/2012;09/09/2012;NO;NO;Condiviso - Collabora disattivato
Cina 2012 - 08 - Chengdu;https://photos.google.com/share/AF1QipMh6-_yvHvRlmjIpgyb6TfPWhO8MBfX1vKuf4KSZ_-cdBNJ2WEd1vXONAoSTiyXmA?key=VktFOUYzS1ZraGpLRkp3TkJweWQweWJEN1dLUFNn;https://photos.app.goo.gl/eX7GFdvAYx6vPaGeA;08/09/2012;08/09/2012;NO;NO;Condiviso - Collabora disattivato
Cina 2012 - 07 - Emei - Chengdu;https://photos.google.com/share/AF1QipNBnBkg9VrnTL_5auwJ9POJ3W4WK6TEdTu9k5Gkb-45yyCJzi47kRGHojyDySzGUA?key=ZDZKMlRueGRVQWhrbUtheHNjYTlvRHdhMFJnTjNB;https://photos.app.goo.gl/V8eMvNba6HAjJfoC7;07/09/2012;07/09/2012;NO;NO;Condiviso - Collabora disattivato
Cina 2012 - 06 - Leishan - Emei;https://photos.google.com/share/AF1QipOVWNOgURyMoFv0EoHHbFkSJMu0E7tanik5Tr-fqeFwpdTnS6g18IEvKziv2Xnepg?key=N3BFbEo0cERDSFVHSVZ1ZW9JT2RhcU9MbHd1cE93;https://photos.app.goo.gl/fyBrxRizCp7LoAAY9;06/09/2012;06/09/2012;NO;NO;Condiviso - Collabora disattivato
Cina 2012 - 05 - Xi'an 2;https://photos.google.com/share/AF1QipNcFVsDf4svMkkt2duecqZymGDc9JDGpwvmGgqnkk-kTlob5MSyWIO5NmeCreIH9Q?key=WVdJNFlmQjByUlNkR0FkT1F6aFl3YWlOWGl1c2NB;https://photos.app.goo.gl/MvejMkzRd2cfngt1A;05/09/2012;05/09/2012;NO;NO;Condiviso - Collabora disattivato
Cina 2012 - 04 - Xi'an;https://photos.google.com/share/AF1QipOVLoMg03bWca2nO0ecMmYa47sgbPfG7rNw0NHf1yEM90v46jdfeygt_n6kaActMw?key=cTg5SDFaRTg4NXJwMm5pX1J1MVNKNGVkSkVyUGJ3;https://photos.app.goo.gl/McFcme9aZ5gDaEDv5;04/09/2012;04/09/2012;NO;NO;Condiviso - Collabora disattivato
Cina 2012 - 03 - Beijing 3;https://photos.google.com/share/AF1QipMbJqkK1MIvVdDz3fwF6dPn2d7CEGQ384ln9YoMWR8JVctRwqv8cpj0xjdl0CROhA?key=WThOUThNYkJMUDdkcThpY3ZrakhzV0cwN3NpU1h3;https://photos.app.goo.gl/K5R4i7pMJBkJbjrj9;04/09/2012;04/09/2012;NO;NO;Condiviso - Collabora disattivato
Cina 2012 - 02 - Beijing 2;https://photos.google.com/share/AF1QipPQWobQ0_bRDREZ68_LXE_MykI7GMYn2GFmjh4FEcpQ3YQQVvrRnobRc0RPXFriag?key=aENHT2RpdHNvdnJtMjBiOUpMdG1ldFdDQnBRSWVR;https://photos.app.goo.gl/LvKV23EuyHwuFaYCA;03/09/2012;04/09/2012;NO;NO;Condiviso - Collabora disattivato
Cina 2012 - 01 - Beijing;https://photos.google.com/share/AF1QipOa5w-lhPKGvAdcFYNZbaOQ2fQ346kl0gilHiGQTvca6UUgnCe3Heb8CuQJswX8eA?key=NkEzaFE5V3NKZnVmdWFwNnVTM2lBcUNxZWtZRVJB;https://photos.app.goo.gl/VEFQHLFrnbUrQZZU9;01/09/2012;02/09/2012;NO;NO;Condiviso - Collabora disattivato
Riparazione chitarra Nico;https://photos.google.com/album/AF1QipOL7VIvE7zSEBPJOsHsn02Zeyuv7h6teYlP4V7C;;;;;NO;Non condiviso
Realizzazione chitarra #3;https://photos.google.com/share/AF1QipO23WKS2CgCCYvTxSaIZLvCUCv9eHPRa8cy8emOz9U3yAgStLybnMOfh7KhI_TODA?key=M3hCMnRnbkFVaFlsQ0oybTRDZTZsVEVFZ2xRU3Vn;https://goo.gl/photos/Mih2UoAnw7qD3WEN9;02/05/2010;06/09/2011;NO;NO;Condiviso - Collabora disattivato
Giappone 2011 - Tokyo 4;https://photos.google.com/share/AF1QipNL-iJTMjfPxQ3kNiAirVy_xVBe0GO_9aTv1tQPiK6bPGOPGoa8PAHADk__cw_Ksg?key=V2ttS3p6bGlJd3QySXZ0UDRiZXdpLUFSdVRGaFZ3;https://photos.app.goo.gl/RW7JkqBwVNtJNumC8;31/05/2011;31/05/2011;NO;NO;Condiviso - Collabora disattivato
Giappone 2011 - Hikone;https://photos.google.com/share/AF1QipMMVtdGxztLZ2TS9tB2kYZNkuz_4P4fvyCosP0B6EHXMuCGHd0UNb_nk-gnh2vGkQ?key=dUwwZ0F0NFpTeEhrT3NvbElxNWhOdEFleFBmVVRR;https://photos.app.goo.gl/1zUx9ikTCRXqKUJ79;30/05/2011;30/05/2011;NO;NO;Condiviso - Collabora disattivato
Giappone 2011 - Matsue;https://photos.google.com/share/AF1QipMookRgKP0f5I43A10wE9d3bCX5TE-0vyGTgdjuVgqYnLMB1bQc2P4TlFUZ1ZsVKQ?key=WVBKbEItaGdHUHE3UlpoSVF0RXZxVVp0Y2RHOGh3;https://photos.app.goo.gl/FfAMyHnWrMBa6KN6A;29/05/2011;29/05/2011;NO;NO;Condiviso - Collabora disattivato
Giappone 2011 - Okayama;https://photos.google.com/share/AF1QipMCFrPnKVv9_XVGdERfyiifgpxA8RopuLrrCC94EVP2nXmhVtiyqRbnbMLMQ6PnHg?key=QWlhcDluOXY2ZXlBeExTaWdHMEo5N29IMDFKRHR3;https://photos.app.goo.gl/sy6PcEKi7WGfobWo9;28/05/2011;28/05/2011;NO;NO;Condiviso - Collabora disattivato
Giappone 2011 - Hiroshima, Miyajima;https://photos.google.com/share/AF1QipMHcXzwF_Ii8FMmQKUZXv8ayJrXBmDnP2eopxr99cnoU0WTbu3Nq2v14VQmjD5sHg?key=RjdJUkxLdUFlcm9JVXpNUEUtSW1zVFpwYVNXRHJ3;https://photos.app.goo.gl/wzberaFTTESncspz5;27/05/2011;27/05/2011;NO;NO;Condiviso - Collabora disattivato
Giappone 2011 - Cena Kaiseki Ryori;https://photos.google.com/share/AF1QipNLz0nsRBhZsGUt4GI9Q7ZwJx-DTsEyvtMruojUWJrHdMr6sFd747PKsnn9ejF7sQ?key=ZmY5eVEyRWlvTElQNDNZOTRPZGQ5dEt3WnlVRzZR;https://photos.app.goo.gl/ALc9q3TeBFKW8s9T6;27/05/2011;27/05/2011;NO;NO;Condiviso - Collabora disattivato
Giappone 2011 - Tomonoura;https://photos.google.com/share/AF1QipPnxGsK8nvKDgjnR2kwZ-p9IPyEb1JH7XyCm0g7A4-bIq_dHqQUEC7TGJ3b4YLIgQ?key=WEx6MG8wbnpDVDg0cXMxaEQ5eHpsYVVFQXBMdm1B;https://photos.app.goo.gl/6xijUr5w6f9SBmZW8;26/05/2011;26/05/2011;NO;NO;Condiviso - Collabora disattivato
Giappone 2011 - Koyasan;https://photos.google.com/share/AF1QipNdrSgSdSBjIJntrNxNAg5NwhXxYwVMMonn3Cv0B30_6XVR5CnoImSD9X5183aE2g?key=c3lOVDBYaksxT3RYczNCUWw2ZG1LRVVGNHZieDZ3;https://photos.app.goo.gl/MnjFP4EtHCxtCUP78;25/05/2011;25/05/2011;NO;NO;Condiviso - Collabora disattivato
Giappone 2011 - Nara, Kyoto;https://photos.google.com/share/AF1QipOcl-A3KvAqkM7RJNm47E3v7FCS_OKl-h6wAuZJC5brdPIZb6lxVkYmvN5l9OSvSQ?key=RGtKU0xVbHdIeENoTnJPMEZMck05UkVTaEI5cC1n;https://photos.app.goo.gl/bqKYrmcpvCNPxR378;24/05/2011;24/05/2011;NO;NO;Condiviso - Collabora disattivato
Giappone 2011 - Kyoto 2;https://photos.google.com/share/AF1QipMYJgydg5JS8_gCmm5XC5EkCzS0QSSdVP7Byxcnq0SB3No1fD45MjddRZOF8VROZw?key=eHZETGlQbjU4eVJOZ256Ti1TOUZ4ZTJ2TVo1cUln;https://photos.app.goo.gl/9x4MjDZ2pNuihjgn7;23/05/2011;23/05/2011;NO;NO;Condiviso - Collabora disattivato
Giappone 2011 - Kyoto 1;https://photos.google.com/share/AF1QipOoF18edWy__E4e9WrIZnoWdU-GGPypET3YYjNHgnykKXGHcQ0GitHGGy2YYRC9iw?key=YUEtVUJTLWUxT09fLU80cU5mWWVYbTNmR2FtaFZB;https://photos.app.goo.gl/kXsZJHUeKWh4GUfw9;22/05/2011;22/05/2011;NO;NO;Condiviso - Collabora disattivato
Giappone 2011 - Iseshi, Futamiura;https://photos.google.com/share/AF1QipO1mO0MGDrFfvsUCsAVJstGPttn8klahFuSC6lGB8KqmRCNSExkCcWPRVNYxvafow?key=MzJOTVlMZzhNNER6cW0xaHBYV1YwWlpLbVppT1pn;https://photos.app.goo.gl/68m7mMwLSqXoEqbs7;21/05/2011;21/05/2011;NO;NO;Condiviso - Collabora disattivato
Giappone 2011 - Takayama, Kanazawa;https://photos.google.com/share/AF1QipPwEr8HuEi9HlslRGXna_fzPR4SMrad4nHdwJ5Pv7JWfcNMOVo07VuBZvYmon_3XA?key=Ym1DVjN3VU9MUG56Q25XQTN3V0FZTHN5bHFSbmFR;https://photos.app.goo.gl/5Fr5EhsupbzZVnt56;18/05/2011;19/05/2011;NO;NO;Condiviso - Collabora disattivato
Giappone 2011 - Takayama;https://photos.google.com/share/AF1QipNaDFEok2g6WfCCNoEwoz_F2676ys5IcjLQYiuQ4AjqSPTLAqa8NdjDo5kdO3A9nA?key=QTJMTURtMkRyOXdmd3IyVXNYQ3A0VFBtNGFEamFB;https://photos.app.goo.gl/kVqNWMfun1w9G5f58;18/05/2011;18/05/2011;NO;NO;Condiviso - Collabora disattivato
Giappone 2011 - Tokyo 3;https://photos.google.com/share/AF1QipOe8IURzVchmx09gtEJ5BEj5VG2-rDSkxP7Lw_ksULrS_Ej6czteNLwZCXawj6qkg?key=WFpmdm9jMVFYYVVFdjJJd25QVnc3MDQ5TzZFY3pB;https://photos.app.goo.gl/8fvA3ehTq7GP63UV8;17/05/2011;17/05/2011;NO;NO;Condiviso - Collabora disattivato
Giappone 2011 - Nikko;https://photos.google.com/share/AF1QipNyH5NokaUEF93ev5Qzi4zom_DJDcHUU38jkvzNceCYRf-81X3pvWrCRW1IowRcrw?key=LUVPUUZhdzVZc1Zwb2xTZlhodEk2UEFudTJTdzNR;https://photos.app.goo.gl/WPmpcsEHmimiUfGWA;16/05/2011;16/05/2011;NO;NO;Condiviso - Collabora disattivato
Giappone 2011 - Kamakura;https://photos.google.com/share/AF1QipNYcLyapLM_1ZGpaMp2tEuLtyRFd_4AI14Sc5JCKsDlrYvBtwWaKEfl5neXrLivHw?key=NjJ1aE9HeHVNVDRuNFhNQm1wMUI4MWI5cUpJVHNB;https://photos.app.goo.gl/Di5cuYz1TSnWfpmF9;15/05/2011;15/05/2011;NO;NO;Condiviso - Collabora disattivato
Giappone 2011 - Tokyo 2;https://photos.google.com/share/AF1QipPlV7Or5TWk3jRow5NjveW0YFkGEsOV5g84ooI_7H0P5mv7j9s1MY1VmX-oM8qYMA?key=SkI2bHdSNDhKS0pDQ3NRaGlOQkViN3gyeUo2b193;https://photos.app.goo.gl/PZcusDHsiDqnj9As9;14/05/2011;14/05/2011;NO;NO;Condiviso - Collabora disattivato
Giappone 2011 - Tokyo;https://photos.google.com/share/AF1QipMLi8azazi53ukgR9hiw40WdwP7gbZ0ubmKJsIx9WK1JnXvmYwEFn9NyKPtkCiLnw?key=WEppa0VHVWppaXdRNnpYNUVJbXdRQ0k1YURVZ2xB;https://photos.app.goo.gl/xx9xmjdznVkpDa3V6;12/05/2011;13/05/2011;NO;NO;Condiviso - Collabora disattivato
2010-12 (Costruzione Monocordo);https://photos.google.com/album/AF1QipPC--SLNAD5K1MvmWvX0cJrz5_KXPAUF6uekYYh;;;;;NO;Non condiviso
Mauritius (2010);https://photos.google.com/album/AF1QipOYINZSIOQn7FSZyLiPWr-cmc9riR5A4mPWrdRJ;;;;;NO;Non condiviso
Islanda 18/06/2010;https://photos.google.com/share/AF1QipM6qMIQ6qTAAdu9RHrFghYloYsv2TxU2iPVdWeeF1MwFu9iuwheseqB_d1ybRUR7w?key=eHVNRERFcmJONTM3YXc5NnlhZjdHZU85NjkyN2pB;https://photos.app.goo.gl/tFhT2AMMKZLsaQum8;18/06/2010;18/06/2010;NO;NO;Condiviso - Collabora disattivato
Islanda 17/06/2010;https://photos.google.com/share/AF1QipPWlAbRT21cv_Xg1_dZR1e257AyjKmAO5Y3NyA7MPAH1u4LNGoszwBLU-V53NRPBA?key=TUNCbWpVRXJTN3JCTlBhUjNOZm5odVZ0VGxFaWJR;https://photos.app.goo.gl/ZR1dg1oE1DBfpaUM7;17/06/2010;17/06/2010;NO;NO;Condiviso - Collabora disattivato
Islanda 16/06/2010;https://photos.google.com/share/AF1QipOPiru5QCoRnoE2UvoIwpfgZagU17CRAx9uXSGhO1kNDIOXUqiBKT-3nOv3Idxt0g?key=Ylp6aTdTcm15LUxsa3VSWENiTzczR2QwSU5aYVFR;https://photos.app.goo.gl/cpYHuF619QFAwrpn9;16/06/2010;16/06/2010;NO;NO;Condiviso - Collabora disattivato
Islanda 15/06/2010;https://photos.google.com/share/AF1QipNwAY6iILSrAE0o4n-qqN999v1iiU8hOdzRnsXEOVRo4gtTRfGXMaNQiatfFTGTXQ?key=N2ZERXZkYmxtYTV3VGZyWGI4bFhJWnowZ29iQjNB;https://photos.app.goo.gl/rrffg64hTJ79fyHa8;15/06/2010;15/06/2010;NO;NO;Condiviso - Collabora disattivato
Parigi;https://photos.google.com/share/AF1QipM4j4cs-99tQ_xMYfUwDJsBe-f15UP-K9T_xrlHU0xZqPLEALLp49HwQsbLOndLCA?key=ODNKTC04ZTZZNXFpRTE0VGh3ZnJjM1NNeDR5QVBB;https://photos.app.goo.gl/V98JhbZ4csrujBQ36;24/09/2009;30/09/2009;NO;NO;Condiviso - Collabora disattivato
USA 2009 - 14 (Volo sul Grand Canyon, Prima tappa verso Los Angeles);https://photos.google.com/album/AF1QipPpiHAA4mfZ2Ulaw9QReIlCVYUSD8AdiihUJF3N;;;;;NO;Non condiviso
USA 2009 - 13 (Betatakin, Grand Canyon);https://photos.google.com/album/AF1QipPXz5LisGaQUYDbQEvZBu43dtCK4Nhp0cNC4hdQ;;;;;NO;Non condiviso
USA 2009 - 12 (Antelope Canyon, Lake Powell, Monument Valley);https://photos.google.com/album/AF1QipNqJS9STsIjYaQS-Mpm6RaaK7kWxVuDp_8K4ON2;;;;;NO;Non condiviso
USA 2009 - 11 (Bryce Canyon, Arrivo a Page);https://photos.google.com/album/AF1QipOrcyrPpvaMhB9i3sHbRP63WSeha5m1pfqMjGsh;;;;;NO;Non condiviso
USA 2009 - 10 (Zion National Park);https://photos.google.com/album/AF1QipMhaLHQmMCUXFcNrKVulfH_uDkoS6KbT6cvZ-ax;;;;;NO;Non condiviso
USA 2009 - 09 (Las Vegas);https://photos.google.com/album/AF1QipMQuB15LlPe0yD-mN1YtTswKt4PAyGRPPW3JrhQ;;;;;NO;Non condiviso
USA 2009 - 08 (Death Valley, Arrivo a Las Vegas);https://photos.google.com/album/AF1QipNESHSgv8uxaJVmsH1BJC7xdou3KCKTNgPoibkF;;;;;NO;Non condiviso
USA 2009 - 07 (Verso la Death Valley);https://photos.google.com/album/AF1QipMH1FPZ1ceY99XcAUlzk4xurZAnEGokJB-UR9k3;;;;;NO;Non condiviso
USA 2009 - 06 (Park Sequoia);https://photos.google.com/album/AF1QipMSwbKX1NyzTQR7n3XNQDIbcE-O7RmPA9EcBTWZ;;;;;NO;Non condiviso
USA 2009 - 05 (Yosemite);https://photos.google.com/album/AF1QipOoQ4688lNnYLbXbrgt1Bty6i0S6BVmUqQEB91J;;;;;NO;Non condiviso
USA 2009 - 04 (Bodie, Yosemite);https://photos.google.com/share/AF1QipPE0qahZZ9owoIvoPU5-VkPprt0zPG5TuHHTw73gffzQ1z3VkuqsORnoZVwRD2CxQ?key=UUlnOTBqeGhCT0RQOXJIUmxEYVJRVFQ0WWplV0R3;https://photos.app.goo.gl/MsP1dSLasHuysycB7;27/05/2009;27/05/2009;NO;NO;Condiviso - Collabora disattivato
USA 2009 - 03 (Lake Tahoe);https://photos.google.com/album/AF1QipNoRgetZyTd3cnLltNYyPNSEf_HXZupLsnJX0Xw;;;;;NO;Non condiviso
USA 2009 - 02 (San Francisco);https://photos.google.com/album/AF1QipPaL5h-CztRr-ButyIey6mxiHjKzuQNyrx2Uz-d;;;;;NO;Non condiviso
USA 2009 - 01 (San Francisco);https://photos.google.com/album/AF1QipMwvF-div4CL67PbwYFYzpYZ1A7plnB9E7NWq9A;;;;;NO;Non condiviso
2009-04-25 (Gita a Rosolina Mare e Chioggia);https://photos.google.com/album/AF1QipPLpn7QDfMh9cJiV4Fs35ZEfcoiwFqowf-XodNo;;;;;NO;Non condiviso
Aruba, Curacao e Bonaire (selezione);https://photos.google.com/album/AF1QipMNASgmalTt4-UbtxCCk_fxAPbjBVqwRSnTrTqE;;;;;NO;Non condiviso
Rapaci;https://photos.google.com/album/AF1QipPArkLoY-HXxIZbWd3OK78UKUJ-PfdxxLXzHuhl;;;;;NO;Non condiviso
2007-10-03 (Gita a Siviglia e Cordova - selezione);https://photos.google.com/album/AF1QipM1tL5DV5A2u0Q6tGXqqUgxFAPljkOKRXNhTf2A;;;;;NO;Non condiviso
2007-09-29 - Frecce Tricolori;https://photos.google.com/album/AF1QipObPLqW2kyVPpxkkEyki8G7NfVXjzSJ9aUcjwMh;;;;;NO;Non condiviso
2007-07-11 (Tramonto atttraverso la pioggia);https://photos.google.com/album/AF1QipN_YIgig8UaRC03XbbPCRFlN1T-uqBFx5OaGLzZ;;;;;NO;Non condiviso
2007-06-16 (Trekking al Sasso Lungo);https://photos.google.com/share/AF1QipMuoFh-X7ZuotUaPzwLLo0gc9Ok8D5qkLUxOj6jSMYr-mCZouGSKMznHQtQ7vYvrA?key=VVZfYTMwaTZMRVVZcjNDcVJrV1M1TDRjYl9aZEFR;https://goo.gl/photos/DcBNaqBqkqQDoRHF7;23/06/2007;23/06/2007;NO;NO;Condiviso - Collabora disattivato
2007-05-30 (Weekend a Edimburgo);https://photos.google.com/album/AF1QipPqJNchTBYV1q7cs8TFg6afSUlCmnizKr8s7wZk;;;;;NO;Non condiviso
2004-11-21 (Volo sulla Pietra di Bismantova;https://photos.google.com/album/AF1QipMKYpYg2rn21QtKHL3Y-D_wINh88yvOE_6D5QFn;;;;;NO;Non condiviso
30-set-17;https://photos.google.com/album/AF1QipMz64IDGIH6M9xROC_f3GiTGteEI5nE7j9xb1D1;;;;;NO;Non condiviso
30-set-17;https://photos.google.com/album/AF1QipPErgHIRTgOs1ghi0s4RONxuVqkiGO_8OkCp4ih;;;;;NO;Non condiviso
30-set-17;https://photos.google.com/album/AF1QipMm6IFTGybe5dUPUCadQLn5SWOggnW3hclneysc;;;;;NO;Non condiviso
Videocassette e audiocassette;https://photos.google.com/share/AF1QipP-HhqYThwovrMJ9LxzW3cd9sy-NnciCeMwzr0oIJ-niWTMtWVPa_9yiUjW3BIUeQ?key=cUtMYThvUzNzdHQ5M3VHMHVLTUNyZXhuLWo1UW1R;https://goo.gl/photos/epzSvU6rkoAfueyY6;;;;NO;Errore - switch Collabora non trovato
Test;https://photos.google.com/album/AF1QipPQmQ3xPvXd6gbt_6DHSgmNOHH1jDS0Dv8tsAyH;;;;;NO;Non condiviso
Rumori;https://photos.google.com/album/AF1QipM0IHTyEwNvp_UCGLjEgwuMdzAjm2srD0bK4Mxc;;;;;NO;Non condiviso
2010-09-11 (50° anniversario PAN);https://photos.google.com/album/AF1QipNKgYW8TSq3MpfYe7EDCtbHmR-kOye9-CKpExHo;;;;;NO;Non condiviso
Islanda 27/06/2010;https://photos.google.com/share/AF1QipNEJ6al6OSXutLWhXvex1VVlLYJTpH70_Sb6TsWCF2IKONTBKlRC09YqJjL_2oOgA?key=ZE9EUDlIek9wcm9MMFhEamVwNTdRTkVUWnVRZWx3;https://photos.app.goo.gl/8EDaM7BqXeioEm5g7;27/06/2010;27/06/2010;NO;NO;Condiviso - Collabora disattivato
Islanda 26/06/2010;https://photos.google.com/share/AF1QipPvzNb_bcO041MBfY-UyU0zzJ9ax8-81E6eMvMYm7vUNTK6kVHCfibjvc3exC1pzQ?key=U3NFelVwb053d2c4clcwdUtzbkwwMXN3NDI4Y3JB;https://photos.app.goo.gl/Sh4fRp83bU7pZXGz7;26/06/2010;26/06/2010;NO;NO;Condiviso - Collabora disattivato
Islanda 25/06/2010;https://photos.google.com/share/AF1QipPrEwOsdtIm_kcZ458KuUIiSCcxW0eRrximHa3JaZtBQhSgbLkijw1TvRcLfN352A?key=am45ZHhsV2NVT1pvQlF3cU8zellJMkpaQ29FSkFn;https://photos.app.goo.gl/r8WsF9d4VgSWHN8q6;25/06/2010;25/06/2010;NO;NO;Condiviso - Collabora disattivato
Islanda 24/06/2010;https://photos.google.com/share/AF1QipNNolVBs0ZFPkuyMRsWvcE2RE7lXFYW_xAR7uUE_Hnq2Kb1S8Z22_ow5-Y7v78Sfg?key=eEJVYVI2amd6S2Rha1FUdTk0ak5nU0NWdVNRbFd3;https://photos.app.goo.gl/67dzVFjGMkxin4hd9;24/06/2010;24/06/2010;NO;NO;Condiviso - Collabora disattivato
Islanda 23/06/2010;https://photos.google.com/share/AF1QipNl-96fbkWo4SP4zskK1JKeeGNZPxe6MbplofLv6H3gr-bMjDYdvcCkH1hROPPdyA?key=X0NfcHQybVJmWGMtcTdKelgxLTNka2QzZGItU0dR;https://photos.app.goo.gl/7AfQF7hcsV5Yjp3Y8;23/06/2010;23/06/2010;NO;NO;Condiviso - Collabora disattivato
Islanda 22/06/2010;https://photos.google.com/share/AF1QipO-6UtGFfKmsZrnVpKsUanpLB6a-LHaTtrlaNbHKet4qF6D1Bdm_KL2MZUbDd-REQ?key=dVZtSHFKNVNDT3FxRWE2Wl9OcFh6cUoyMlE1Q2R3;https://photos.app.goo.gl/JDFnf36hoT2df9MaA;22/06/2010;22/06/2010;NO;NO;Condiviso - Collabora disattivato
Islanda 21/06/2010;https://photos.google.com/share/AF1QipP3Ou_rMvm9N8958OSikjquCzV1-B_fkCOZ6g0ccHOXg4LWfTwN6UQwlF_rkbvfBw?key=V2dPTzVTeXIzUXVWNEctUzVQZTlUVEEwdDhvUGRn;https://photos.app.goo.gl/sxSRpyeHxEV66UxF7;21/06/2010;21/06/2010;NO;NO;Condiviso - Collabora disattivato
Islanda 20/06/2010;https://photos.google.com/share/AF1QipP4YshXr9_VD1xS9wIeMQuVPrKD-HRXcFjHyGAKrn9-isJWVxnFFd8AU_MN4isVPg?key=cVI0Zm9TODRzbkdkNFQyQ3VFbTBTb3M1S2ZhY0dB;https://photos.app.goo.gl/Lz5Ged9uMZ4ACyPC6;20/06/2010;20/06/2010;NO;NO;Condiviso - Collabora disattivato
Islanda 19/06/2010;https://photos.google.com/share/AF1QipMO002THMa_u1A5_CER0lU_G6yX1GKvX4_e5aC_SShKMnEFTfzyHzlPU3txk734eA?key=dkhBNk96ZHoyamxaanM4bFJnZkRocUlmXzRWX2F3;https://photos.app.goo.gl/hxCL26KbTZMh5MVk8;19/06/2010;19/06/2010;NO;NO;Condiviso - Collabora disattivato
